日期,會員級別,會員積分,款式,評論
2018年02月14日 20:26,b_blue_3,1951,颜色分类:白色,买来就迫不及待的拆开了，功能强大，赞！
2018年02月15日 21:15,b_blue_2,839,颜色分类:黑色,真的很棒，很方便，不用麻烦的动手操作，语音识别也很精准，很喜欢
2018年02月14日 13:01,b_blue_2,774,颜色分类:黑色,物流给力，天猫精灵反应敏捷，人工智能，很喜欢。
2018年02月13日 12:00,b_blue_3,1306,,评价方未及时做出评价,系统默认好评!
2018年02月14日 19:03,b_blue_1,356,颜色分类:黑色,感觉非常不错，又买了一个。真正体验到科技对生活改变。有了这个东西以后，人也变得特别懒，什么东西都不愿意走路，张口就来。东西非常好用，就是音箱体和小了一点，音质目前还不是最好。"}],"buyAmount":0,"showCuIcon":false,"serviceRate":null,"useful":0,"user":{"nick":"x***6","vipLevel":0,"displayRatePic":"b_blue_3.gif","nickUrl":"","anony":true,"rank":1306,"avatar":"//assets.alicdn.com/app/sns/img/default/avatar-40.png","vip":"","userId":"","rankUrl":""},"append":{"vicious":"","appendId":341029419511,"show":true,"videos":[],"reply":null,"dayAfterConfirm":17,"photos":[{"thumbnail":"//img.alicdn.com/imgextra/i1/0/TB2ckqQaXmWBuNjSspdXXbugXXa_!!0-rate.jpg_40x40.jpg","url":"//img.alicdn.com/imgextra/i1/0/TB2ckqQaXmWBuNjSspdXXbugXXa_!!0-rate.jpg_400x400.jpg","fileId":1076306199964729625,"receiveId":341029419511,"status":1}],"content":"感觉非常不错，又买了一个。真正体验到科技对生活改变。有了这个东西以后，人也变得特别懒，什么东西都不愿意走路，张口就来。东西非常好用，就是音箱体和小了一点，音质目前还不是最好。"},"status":0},{"date":"2018年02月14日 19:03","shareInfo":{"lastReplyTime":"","share":false,"pic":0,"reply":0,"userNumIdBase64":""},"showDepositIcon":false,"o2oRate":null,"mainTradeId":0,"raterType":0,"validscore":1,"video":null,"photos":[{"thumbnail":"//img.alicdn.com/imgextra/i3/0/TB2flisab5YBuNjSspoXXbeNFXa_!!0-rate.jpg_40x40.jpg","url":"//img.alicdn.com/imgextra/i3/0/TB2flisab5YBuNjSspoXXbeNFXa_!!0-rate.jpg_400x400.jpg","fileId":1251106198694976129,"receiveId":341000638905,"status":1},{"thumbnail":"//img.alicdn.com/imgextra/i4/0/TB2INyuXtknBKNjSZKPXXX6OFXa_!!0-rate.jpg_40x40.jpg","url":"//img.alicdn.com/imgextra/i4/0/TB2INyuXtknBKNjSZKPXXX6OFXa_!!0-rate.jpg_400x400.jpg","fileId":1251106199470871331,"receiveId":341000638905,"status":1},{"thumbnail":"//img.alicdn.com/imgextra/i3/0/TB2NiKvahSYBuNjSspjXXX73VXa_!!0-rate.jpg_40x40.jpg","url":"//img.alicdn.com/imgextra/i3/0/TB2NiKvahSYBuNjSspjXXX73VXa_!!0-rate.jpg_400x400.jpg","fileId":1251106199747206791,"receiveId":341000638905,"status":1}],"content":"东西收到了～物流超快第二天就到了，自己给自己买的情人节+新年礼物?哈哈。操作简单。智能。大爱。多用用这几天，以后还会追评哦～就是跟手机蓝牙连了后没有打电话这个功能～还有没有小礼物送哦～
2018年02月13日 19:52,b_blue_2,683,颜色分类:白色,精灵看上去非常不错，做工精细，漂亮大方，质量很好，用起来效果不错，反应灵敏，实用，非常听话，给侄女玩很开心。
2018年02月14日 13:07,b_blue_2,774,颜色分类:黑色,查快递，查天气，听歌曲&hellip;&hellip;天猫精灵马上来&ldquo;服务&rdquo;，好东东。
2018年02月13日 12:43,b_blue_2,592,颜色分类:黑色,用了几天，整体感觉不错，虽然有些东西还回答不出，但是因为每周有更新升级，越来越好用了。老人小孩都非常实用，很喜欢。听音乐音质比想象好些。有个底座挺方便的&hellip;&hellip;感谢物流很快，在春节前收到真是太好了！
2018年02月18日 11:40,b_blue_2,610,颜色分类:白色,反应挺灵敏的，可以控制先前买的控客插座，只是点歌的时候，有些歌手的歌不能播放，说是没有版权，建议厂家尽快扩展。
2018年02月17日 06:39,b_red_3,67,颜色分类:黑色,宝贝不错很喜欢，第二次购买了，之前买了一个红色的，现在买个黑色的送朋友。
2018年02月18日 14:01,b_blue_1,296,颜色分类:白色,好用！！！（大概是我对语音智能比较有耐心）已经用上了，爽啊！音质也很不错，嗓门也够大。但是突然觉得说，或许黑色要比白色看着更高级？下次再买个黑色的。单曲循环我们蔡徐坤的歌?
2018年02月01日 17:38,b_blue_4,2691,颜色分类:白色,这个是买的第三个，真的好棒，自己玩一个，送朋友两个，朋友们都很喜欢，以后欠人情就送这个，真的全家都能娱乐
2018年02月16日 01:52,b_blue_2,775,颜色分类:黑色,这个确实好！玩了一天了！价格也便宜，赞一个。。。。
2018年02月13日 16:34,b_red_4,108,颜色分类:白色,很好玩的小音响音质也不错。最好的是忙的时候可以随心换音乐外加可以计时。功能很齐全。
2018年02月13日 08:33,b_blue_1,439,颜色分类:黑色,你永远应该尝试新鲜的东西！这话真没错。没用过的人以为天猫精灵只是个音响，但其实，它的功效如此强大。对于我这种马马虎虎的人，天猫精灵提醒我的日程等等。太棒了！一定给一个良心的五星好评！！！物流也很快，客服态度也超级棒。满意！
2018年02月17日 18:48,b_blue_1,361,颜色分类:白色,很好的精灵，小孩子很喜欢，也便宜，大家喜欢就下手吧！功能强大，齐全。
2018年02月17日 14:46,b_blue_2,814,颜色分类:黑色,声音还可以啊。。。不错。
2018年02月16日 17:24,b_blue_3,1322,颜色分类:白色,收到?送朋友小孩子春节礼物?，直接发快递到他家，听他小孩说外表包装没问题的?那不错，真好初一上午收到?谢谢店家??棒。就可惜他们搞不来设置，晕死?还要我过去帮忙搞下，他们只会用。天猫精灵质量还是可以的，过去已经买了2个自己用，非常好。如有问题再联系店家???
2018年02月18日 12:30,b_blue_3,1061,颜色分类:白色,收到?加评补晒图?送朋友孩子的，非常不错非常棒天猫精灵???设置还要教他们一下，使用让他们慢慢研究了?"}],"buyAmount":1,"showCuIcon":true,"serviceRate":null,"useful":0,"user":{"nick":"小***手","vipLevel":6,"displayRatePic":"b_blue_3.gif","nickUrl":"","anony":false,"rank":1322,"avatar":"//wwc.alicdn.com/avatar/getAvatar.do?userIdStr=vFkSPFHuXH*evF8LPmHSXmQ0MCNyPG-zM0g4MmI0Pm-IPkRzMGMHM0*HOmMHMGNL&width=40&height=40&type=sns","vip":"b_red_1.gif","userId":"","rankUrl":""},"append":{"vicious":"","appendId":341100827552,"show":true,"videos":[],"reply":null,"dayAfterConfirm":0,"photos":[{"thumbnail":"//img.alicdn.com/imgextra/i4/0/TB2iHrNahGYBuNjy0FnXXX5lpXa_!!0-rate.jpg_40x40.jpg","url":"//img.alicdn.com/imgextra/i4/0/TB2iHrNahGYBuNjy0FnXXX5lpXa_!!0-rate.jpg_400x400.jpg","fileId":1756306198911345764,"receiveId":341100827552,"status":1},{"thumbnail":"//img.alicdn.com/imgextra/i3/0/TB2FEbBahSYBuNjSsphXXbGvVXa_!!0-rate.jpg_40x40.jpg","url":"//img.alicdn.com/imgextra/i3/0/TB2FEbBahSYBuNjSsphXXbGvVXa_!!0-rate.jpg_400x400.jpg","fileId":1756306199385621053,"receiveId":341100827552,"status":1},{"thumbnail":"//img.alicdn.com/imgextra/i1/0/TB2c9fJaeySBuNjy1zdXXXPxFXa_!!0-rate.jpg_40x40.jpg","url":"//img.alicdn.com/imgextra/i1/0/TB2c9fJaeySBuNjy1zdXXXPxFXa_!!0-rate.jpg_400x400.jpg","fileId":1756306200643694723,"receiveId":341100827552,"status":1},{"thumbnail":"//img.alicdn.com/imgextra/i2/0/TB2WPfIakCWBuNjy0FaXXXUlXXa_!!0-rate.jpg_40x40.jpg","url":"//img.alicdn.com/imgextra/i2/0/TB2WPfIakCWBuNjy0FaXXXUlXXa_!!0-rate.jpg_400x400.jpg","fileId":1756306200643854275,"receiveId":341100827552,"status":1}],"content":"收到?加评补晒图?送朋友孩子的，非常不错非常棒天猫精灵???设置还要教他们一下，使用让他们慢慢研究了?"},"status":0},{"date":"2018年02月18日 12:30","shareInfo":{"lastReplyTime":"","share":false,"pic":0,"reply":0,"userNumIdBase64":""},"showDepositIcon":false,"o2oRate":null,"mainTradeId":0,"raterType":0,"validscore":1,"video":null,"photos":[{"thumbnail":"//img.alicdn.com/imgextra/i4/0/TB2i5kuakSWBuNjSszdXXbeSpXa_!!0-rate.jpg_40x40.jpg","url":"//img.alicdn.com/imgextra/i4/0/TB2i5kuakSWBuNjSszdXXbeSpXa_!!0-rate.jpg_400x400.jpg","fileId":1888606200248474909,"receiveId":341170439985,"status":1},{"thumbnail":"//img.alicdn.com/imgextra/i4/0/TB2BBzXXqAoBKNjSZSyXXaHAVXa_!!0-rate.jpg_40x40.jpg","url":"//img.alicdn.com/imgextra/i4/0/TB2BBzXXqAoBKNjSZSyXXaHAVXa_!!0-rate.jpg_400x400.jpg","fileId":1888606200248650388,"receiveId":341170439985,"status":1}],"content":"很好，很智能，识别率挺高的，孩子很喜欢，没事就跟他聊两句?
2018年02月15日 14:38,b_red_5,166,颜色分类:黑色,使用了几天，天猫精灵还是比较灵活的，很方便，想要听歌，交话费还有控制家电的功能都有，非常喜欢～
2018年02月11日 16:03,b_blue_1,487,颜色分类:黑色,太听话了 爽 哈哈哈哈 好评
2018年02月13日 17:54,b_red_4,108,颜色分类:黑色,东西不错，这是第二个了。正好赶上过年，送人的不二选择。
2018年02月12日 18:31,b_blue_2,560,颜色分类:白色,已经测试了，可以使用！然后把移动电源也装上去了。发现了一个很好玩的事情。可以把天猫精灵带到外面去玩，连上手机的热点。也可以控制家里的家电。
2018年02月18日 16:32,b_blue_1,453,颜色分类:白色,宝贝非常好，物流1天就到了，迫不及待的用了下功能，朋友说来玩玩看，喜欢的话也拍一个。
2018年02月18日 12:55,b_red_5,155,颜色分类:白色,顺丰过年都不休，2天到货，非常不错，音质很好，还有智能语音，功能这些还要多摸索一下，总体不错，好评
2018年02月14日 22:06,b_blue_2,755,颜色分类:黑色,全家都喜欢，特别我家宝宝一直拿着不放。想听什么歌就听什么歌！
2018年02月07日 19:11,b_red_4,113,颜色分类:白色,同事介绍的，特意用了一段时间才来评价，专门给老婆用来听歌的，很方便，音质也不错，每天还可以查询天气，对于冬天喜欢窝在被窝里的朋友来说，是个不错的选择。
2018年02月18日 20:47,b_blue_1,418,颜色分类:白色,东西很好  功能研究中 后期在慢慢添置配套只能设备
2018年02月12日 09:57,b_blue_2,552,颜色分类:黑色,好饭不怕晚玩，虽然这次顺丰不太给力，但是，天猫精灵确实好玩，黑色的很好看，不错，音质不错，提醒功能太棒了，有时候做饭忘了关火，这次有人提醒了，资源也比较丰富，不错，准备再买一台。
2018年02月18日 16:43,b_blue_3,1139,颜色分类:黑色,很期待&hellip;&hellip;果然没失望噢！非常有趣儿童伴侣。。非常感谢客服的耐心（有很多不懂，客服都很耐心）买了2赠品但就差个移动电源了??
2018年02月13日 13:44,b_blue_4,3001,颜色分类:白色,孩子超级喜欢，每天抱着它交流沟通，问成语背古诗，出难题，昨天妈妈生日，还唱了生日歌和祝福语呢！真不错
2018年02月10日 22:45,b_blue_3,1274,颜色分类:黑色,款式还不错 但是功能需要加强 比如说 没有猜灯谜的游戏 问治疗咳嗽的食谱 没有食谱建议，搜索的音乐 音质有些差&hellip;其他都还不错
2018年02月12日 18:14,b_blue_3,1884,颜色分类:黑色,买了个黑色，蛮上档次的，发现亮灯时比白色好看，功能也好用，
2018年02月13日 17:36,b_red_5,250,颜色分类:白色,太智能了，孩子特别喜欢，希望歌曲再能多一点
2018年02月15日 15:40,b_blue_3,1108,颜色分类:白色,收到东东马上就用了是正品非常好玩的一个产品期待店家多点优惠活动
2018年01月31日 17:54,b_blue_4,2691,颜色分类:白色,真好，这个价格挺优惠的，毕竟官网的优惠券抢不到，对比来看，卖家的价格真不错，宝贝也特别好，终于满足了孩子的愿望，玩了一天接着又订了两台，送朋友的。从烟台来北京都随身带着，可见我们有多喜欢了
2018年02月11日 12:51,b_blue_1,398,颜色分类:白色,首先澄清一下我不是托。天猫精灵先是买了一个音响效果出乎意料的好。而且还很好玩。所以加单了好多好多个。真的太好了。智能科技改变生活。不错不错。五星好评不够！
2018年02月16日 14:23,b_red_5,161,颜色分类:黑色,快递给力天猫精灵陪过年&hellip;&hellip;好东西值得拥有?
2018年02月11日 12:53,b_blue_1,398,颜色分类:白色,音响效果很好。炒鸡只能。随便一首歌都能马上播放。甚至哼出曲子都可以播放。操作也很简单。和孩子们玩，送老人都太好了。赞赞赞
2018年02月13日 20:45,b_red_4,126,颜色分类:黑色,宝贝终于到了，很棒，很听话。功能特别强大。关键是物流也服务很好。过年的都没休息。大赞！！??
2018年02月18日 16:20,b_blue_4,2249,颜色分类:白色,很有意思的电子产品，再买一个给朋友孩子！！
2018年02月17日 19:06,b_red_4,95,颜色分类:黑色,非常棒的宝贝哦、最开始有一点点网络的问题 但是客服人员很完美的解决了^_^
2018年02月13日 12:59,b_red_5,216,颜色分类:白色,很好很强大，识别准确，内容丰富。
2018年02月15日 22:41,b_blue_3,1232,颜色分类:白色,本来准备买小艾，但是一直脱货，才买的天猫精灵！真的很好
2018年02月11日 14:12,b_red_5,162,颜色分类:黑色,很好玩的小精灵 音质也不错? 最好的是做菜的时候 可以随心换音乐 外加可以计时 提醒腌制 烹饪时间
2018年02月17日 20:28,b_blue_2,922,颜色分类:黑色,天猫精灵很不错，相当智能科技，现在科技真是太方便了
2018年02月07日 22:14,b_blue_1,354,颜色分类:黑色,用了一段时间了，音质不错、语音接受也灵敏、孩子学习也能帮上忙算是个语音小百科，不过也会有答不上的，总的来说是物超所值！
2018年02月12日 19:51,b_blue_3,1182,颜色分类:黑色,之前因为晚上谁关灯的问题总和孩子剪刀石头布决胜负。有了天猫精灵，终于可以安心睡觉了。宝贝特别喜欢天猫精灵，已经自己问了半天问题了。
2018年02月12日 18:08,b_blue_3,1884,颜色分类:白色,东西不错，按照说明书操作方便，反应很灵敏，语音听着也舒服。
2018年02月13日 14:32,b_blue_1,267,颜色分类:白色,早上叫停闹钟后，还会贴心提醒穿适合的衣服，?
2018年02月11日 18:20,b_blue_1,253,颜色分类:白色,好宝贝，天猫精灵比官网要便宜很多，确定是真品，一入手就爱不释手，性价比很高，很不错?
2018年02月18日 11:29,b_blue_3,1101,颜色分类:黑色,大过年的也没休息，两天就到了，迫不及待就玩了，信息量很大，很好玩
2018年02月13日 20:04,b_red_2,32,颜色分类:黑色,不错，我家的路由器是中国电信送的，后来更换了一个磊科路由器就搞定了
2018年02月18日 16:59,b_blue_2,536,颜色分类:黑色,宝贝已经收到，不错，还在琢磨琢磨这样更好的使用
2018年02月15日 17:42,b_red_5,169,颜色分类:白色,宝贝很不错，很智能，只用说话就行了，一家人都很喜欢
2018年02月17日 11:10,b_blue_1,456,颜色分类:白色,智慧与美貌并存，温柔且不失刚毅。
2018年02月08日 12:58,b_blue_3,1088,颜色分类:白色,此用户没有填写评价。
2018年02月14日 21:40,b_blue_1,399,颜色分类:白色,音箱不错，孩子很喜欢！"}],"buyAmount":1,"showCuIcon":true,"serviceRate":null,"useful":0,"user":{"nick":"y***g","vipLevel":6,"displayRatePic":"b_blue_3.gif","nickUrl":"","anony":false,"rank":1088,"avatar":"//wwc.alicdn.com/avatar/getAvatar.do?userIdStr=Xmhzv8xLX8cbP0lhOmcSPmcLOH8LPG80XFR-P8c4PGv4XFIGOHZHPC80MGQWO8Z-&width=40&height=40&type=sns","vip":"b_red_1.gif","userId":"","rankUrl":""},"append":{"vicious":"","appendId":341177312883,"show":true,"videos":[],"reply":null,"dayAfterConfirm":10,"photos":[{"thumbnail":"//img.alicdn.com/imgextra/i2/0/TB2L76vXBsmBKNjSZFsXXaXSVXa_!!0-rate.jpg_40x40.jpg","url":"//img.alicdn.com/imgextra/i2/0/TB2L76vXBsmBKNjSZFsXXaXSVXa_!!0-rate.jpg_400x400.jpg","fileId":1825906198884096057,"receiveId":341177312883,"status":1},{"thumbnail":"//img.alicdn.com/imgextra/i2/0/TB2bBUzagaTBuNjSszfXXXgfpXa_!!0-rate.jpg_40x40.jpg","url":"//img.alicdn.com/imgextra/i2/0/TB2bBUzagaTBuNjSszfXXXgfpXa_!!0-rate.jpg_400x400.jpg","fileId":1825906200256541333,"receiveId":341177312883,"status":1}],"content":"音箱不错，孩子很喜欢！"},"status":0},{"date":"2018年02月14日 21:40","shareInfo":{"lastReplyTime":"","share":false,"pic":0,"reply":0,"userNumIdBase64":""},"showDepositIcon":false,"o2oRate":null,"mainTradeId":0,"raterType":0,"validscore":1,"video":null,"photos":[{"thumbnail":"//img.alicdn.com/imgextra/i2/0/TB2LuobamtYBeNjSspaXXaOOFXa_!!0-rate.jpg_40x40.jpg","url":"//img.alicdn.com/imgextra/i2/0/TB2LuobamtYBeNjSspaXXaOOFXa_!!0-rate.jpg_400x400.jpg","fileId":1501906199728619934,"receiveId":340916030407,"status":1}],"content":"挺不错，识别度挺高的
2018年02月17日 19:02,b_red_5,204,颜色分类:白色,不错不错可以加入更好的功能比如周边美食之类的推荐，歌曲版权希望和大一点的音乐公司合作，虾米太少了新歌没有。收音机功能如果能结合当地就好了都是外地的
2018年02月14日 14:52,b_red_5,164,颜色分类:黑色,宝贝很好，很神奇，功能很强大～～～值得入手一个～
2018年02月16日 10:30,b_blue_3,1521,颜色分类:白色,非常有趣的宝贝，家里的新宠！
2018年02月13日 15:33,b_red_4,118,颜色分类:白色,宝贝已收到，女儿非常喜欢。
2018年02月18日 18:40,b_red_2,33,颜色分类:黑色,嗯(⊙_⊙)，蛮满意的。功能还是可以的。
2018年02月14日 19:16,b_blue_3,1262,颜色分类:黑色,很方便很好用，这个产品一定会很火的。。。
2018年02月08日 12:38,b_red_3,47,颜色分类:白色,两台宝贝收到，包装精美，高大上 送人有面子
2018年02月13日 12:39,b_blue_1,482,颜色分类:白色,此用户没有填写评价。
2018年02月17日 21:38,b_red_4,101,颜色分类:白色,精灵刚收到，用一段时间再来评论"}],"buyAmount":1,"showCuIcon":true,"serviceRate":null,"useful":0,"user":{"nick":"z***2","vipLevel":0,"displayRatePic":"b_blue_1.gif","nickUrl":"","anony":false,"rank":482,"avatar":"//wwc.alicdn.com/avatar/getAvatar.do?userIdStr=vGNuOHcWv88YXF-HPmvbM0x0MmQWPCZzv0kyPFleX8gbv0QyMCc4XmgyPkZevGhI&width=40&height=40&type=sns","vip":"","userId":"","rankUrl":""},"append":{"vicious":"","appendId":340855178720,"show":true,"videos":[],"reply":null,"dayAfterConfirm":0,"photos":[{"thumbnail":"//img.alicdn.com/imgextra/i1/0/TB2a6LaaoR1BeNjy0FmXXb0wVXa_!!0-rate.jpg_40x40.jpg","url":"//img.alicdn.com/imgextra/i1/0/TB2a6LaaoR1BeNjy0FmXXb0wVXa_!!0-rate.jpg_400x400.jpg","fileId":1959406198683218084,"receiveId":340855178720,"status":1}],"content":"精灵刚收到，用一段时间再来评论"},"status":0},{"date":"2018年02月17日 21:38","shareInfo":{"lastReplyTime":"","share":false,"pic":0,"reply":0,"userNumIdBase64":""},"showDepositIcon":false,"o2oRate":null,"mainTradeId":0,"raterType":0,"validscore":1,"video":null,"photos":[{"thumbnail":"//img.alicdn.com/imgextra/i4/0/TB2o9gaah1YBuNjy1zcXXbNcXXa_!!0-rate.jpg_40x40.jpg","url":"//img.alicdn.com/imgextra/i4/0/TB2o9gaah1YBuNjy1zcXXbNcXXa_!!0-rate.jpg_400x400.jpg","fileId":1687606199786136032,"receiveId":341132554596,"status":1}],"content":"非常给力，好用，服务周到，5星好评！
2018年02月10日 23:47,b_red_5,170,颜色分类:黑色,真的非常棒  孩子非常喜欢   有事没事总叫天猫精灵 给我们家庭带来很多欢乐
2018年02月07日 14:27,b_red_5,213,颜色分类:黑色,东西挺不错的 值得购买 放音乐的音质很不错 这个价格真的是太划算了
2018年02月14日 23:31,b_blue_2,644,颜色分类:白色,好玩，一家子都抢着逗天猫精灵
2018年01月23日 20:58,b_blue_1,379,颜色分类:白色,宝贝已收到，比想象中的小，大小刚好。音质很好，反应也很快，值得购买。发货快，快递包装贴心，比一般的纸箱厚很多，这样的卖家，才能让人买的放心。
2018年02月17日 19:44,b_blue_3,1291,颜色分类:白色,比想象中要好，继续探索新功能中
2018年02月09日 18:50,b_red_2,30,颜色分类:白色,非常好，非常好，非常好玩，打算再买其他东西和这个精灵搭配，弄出一个智能化书房。
2018年02月14日 09:04,b_red_4,94,颜色分类:黑色,音效不错 收音挺好  就是不能回答的问题有点多
2018年02月14日 11:58,b_blue_1,338,颜色分类:白色,比我想象中的满意的多，特别喜欢！！！
2018年02月11日 10:33,b_red_5,170,颜色分类:白色,东西不错  给朋友买的  朋友家里评价很高  小朋友特别喜欢  送礼  最好的  没毛病
2018年01月20日 16:04,b_blue_2,895,颜色分类:黑色,非常好，特别喜欢！新年礼物送人一定很高大上，所以我又买了两台准备送人
2018年02月13日 09:25,b_blue_3,1519,颜色分类:黑色,买了好几次 可以
2018年02月17日 11:16,b_red_4,114,颜色分类:黑色,东西不错，挺好的！卖家服务态度很好，下次还来光顾！
2018年02月16日 10:28,b_red_3,57,颜色分类:白色,此用户没有填写评价。
2018年02月14日 15:15,b_blue_2,807,颜色分类:白色,很小 很方便 娃儿很喜欢"}],"buyAmount":1,"showCuIcon":true,"serviceRate":null,"useful":0,"user":{"nick":"吴***l","vipLevel":0,"displayRatePic":"b_red_3.gif","nickUrl":"","anony":false,"rank":57,"avatar":"//wwc.alicdn.com/avatar/getAvatar.do?userIdStr=vFkSPFHuXH*evF8LPmHSXmcyPGRevC8yMHlIPFRHPm-IMH*-XmvyPG9Iv8Z-Mmxb&width=40&height=40&type=sns","vip":"","userId":"","rankUrl":""},"append":{"vicious":"","appendId":341071213164,"show":true,"videos":[],"reply":null,"dayAfterConfirm":0,"photos":[{"thumbnail":"//img.alicdn.com/imgextra/i2/0/TB2eo9RXzQnBKNjSZSgXXXHGXXa_!!0-rate.jpg_40x40.jpg","url":"//img.alicdn.com/imgextra/i2/0/TB2eo9RXzQnBKNjSZSgXXXHGXXa_!!0-rate.jpg_400x400.jpg","fileId":1458206199832726516,"receiveId":341071213164,"status":1}],"content":"很小 很方便 娃儿很喜欢"},"status":0},{"date":"2018年02月14日 15:15","shareInfo":{"lastReplyTime":"","share":false,"pic":0,"reply":0,"userNumIdBase64":""},"showDepositIcon":false,"o2oRate":null,"mainTradeId":0,"raterType":0,"validscore":1,"video":null,"photos":[{"thumbnail":"//img.alicdn.com/imgextra/i1/0/TB2tf1oaeOSBuNjy0FdXXbDnVXa_!!0-rate.jpg_40x40.jpg","url":"//img.alicdn.com/imgextra/i1/0/TB2tf1oaeOSBuNjy0FdXXbDnVXa_!!0-rate.jpg_400x400.jpg","fileId":1934206198684176562,"receiveId":340982463560,"status":1}],"content":"非常喜欢，部门人手一个，棒棒哒?
2018年02月07日 21:07,b_blue_1,293,颜色分类:白色,小孩子们很喜欢玩得很开心，音质很好，功能强大
2018年02月09日 01:42,b_blue_4,2052,颜色分类:白色,终于收到天猫精灵了，连接操作真的是超简单的，直接和天猫精灵对话好有趣，听歌晓天气好方便。
2018年02月11日 16:49,b_blue_2,515,颜色分类:黑色,功能强大，我们一家，只要回家都叫它，准备在买几个送亲戚朋友！
2018年02月09日 16:07,b_red_2,28,颜色分类:黑色,宝贝很棒，基本功能和描述的一样，用起来很顺。
2018年02月09日 16:16,b_red_3,69,颜色分类:白色,非常好，老婆很喜欢，希望后面升级更多的功能！ 内容部分相对于百度的产品要少了类似于百度百科这块。相信阿里的研发团队和阿里生态的资源，天猫精灵会变得越来越智能。 Ai+iot越来越有意思了，未来已来，朋友们也来体验下吧！
2018年02月13日 09:25,b_blue_3,1519,颜色分类:白色,买了好几个用来抽奖 不错
2018年02月12日 17:49,b_red_2,37,颜色分类:白色,有小插曲，但是马上得以解决，值得信赖的卖家。底座加天猫精灵，移动方便，设计感也很好。
2018年02月12日 17:25,b_blue_2,611,颜色分类:黑色,确实不错，很喜欢，还在慢慢学习中。看看是不是真的会自我学习，哈哈。
2018年02月13日 16:27,b_blue_2,975,颜色分类:白色,非常感谢
2018年02月09日 10:57,b_blue_2,529,颜色分类:白色,包装完好无损，非常好的卖家！这次给女儿买的，下次给我自己
2018年02月15日 00:27,","nickUrl":"","anony":false,"rank":3,"avatar":"//wwc.alicdn.com/avatar/getAvatar.do?userIdStr=vFkSPFHuXH*evF8LPmHSXmNSOFILXmcyMCRIP0ZhP87HXFkGXm8WvCcSMkPhOmxb&width=40&height=40&type=sns","vip":"b_red_1.gif","userId":"","rankUrl":""},"append":null,"status":0},{"date":"2018年02月16日 19:13","shareInfo":{"lastReplyTime":"","share":false,"pic":0,"reply":0,"userNumIdBase64":""},"showDepositIcon":false,"o2oRate":null,"mainTradeId":0,"raterType":0,"validscore":1,"video":null,"photos":[],"content":"丰常棒的玩意儿，功能很全。孩子很喜欢，有了它，孩子电视都不看了！","rateId":341101556627,"spuRatting":[],"auction":{"thumbnail":"","link":"//item.taobao.com/item.htm?id=557065873264","auctionPic":"//img.alicdn.com/bao/uploaded/null_40x40.jpg","sku":"颜色分类:黑色","title":"","aucNumId":"557065873264"},"award":"","rate":"1","creditFraudRule":0,"appendCanExplainable":false,"from":"","tag":"","propertiesAvg":"0.0","reply":null,"dayAfterConfirm":0,"lastModifyFrom":0,"bidPriceMoney":{"amount":499,"centFactor":100,"cent":49900,"displayUnit":"元","currency":{"symbol":"￥","displayName":"人民币","currencyCode":"CNY","defaultFractionDigits":2,"numericCode":156},"currencyCode":"CNY"},"noQna":true,"promotionType":"活动促销  ","vicious":"","enableSNS":false,"appendList":[],"buyAmount":1,"showCuIcon":true,"serviceRate":null,"useful":0,"user":{"nick":"天***云","vipLevel":6,"displayRatePic":"b_blue_4,3,颜色分类:黑色,非常好
2018年02月16日 19:13,b_red_3,2193,颜色分类:黑色,丰常棒的玩意儿，功能很全。孩子很喜欢，有了它，孩子电视都不看了！
2018年02月12日 18:17,b_blue_1,52,颜色分类:白色,第二个天猫精灵，这是替朋友买的。见我用他就让我给他买一个。顺丰发货，很快，年前让他用上了。
2018年02月08日 21:23,b_blue_4,252,颜色分类:黑色,宝贝真的很好！非常的棒！小朋友也非常的喜欢！
2018年02月10日 23:01,b_blue_1,2052,颜色分类:黑色,黑色很有质感，家里多了个会说话的小精灵??♀?
2018年02月07日 18:21,b_red_3,331,颜色分类:黑色,特别适合家里老人，想听老歌直接说，买了2个送人了
2018年02月16日 19:14,b_blue_3,49,颜色分类:白色,买来送给好朋友的，有优惠价格合理，朋友很喜欢，值得购买。
2018年02月07日 12:22,b_blue_2,815,颜色分类:黑色,说好顺丰包邮的给我发了韵达！精灵测试无问题，非常满意！音质和感应效果都很好！
2018年02月09日 22:05,b_red_5,153,颜色分类:黑色,东西收到了，非常不错，物流也及时，东西音质和功能都非常好，服务态度也好，下次还会再来
2018年02月13日 11:57,b_blue_1,487,颜色分类:白色,反应很灵敏，特别好玩。功能特别强大
2018年02月11日 19:30,b_blue_3,1386,颜色分类:白色,全五星，天猫精灵很灵敏，黑豆也很强大，有遥控的家电都能控制，客服可也很好哦。
2018年02月13日 09:18,b_red_4,91,颜色分类:黑色,非常好用，爸妈用家乡话它也能听懂
2018年02月09日 20:01,b_red_4,131,颜色分类:白色,造型好看，很高兴这次购物，不错。
2018年02月10日 12:02,b_red_4,136,颜色分类:白色,东西很棒 物流顺丰服务好 送侄女。特别喜欢
2018年02月18日 11:10,b_blue_1,330,颜色分类:白色,很好耍，就是朋友都只花了99，还有有时候会莫名其妙触发它
2018年02月12日 10:21,b_blue_1,318,颜色分类:白色,不错啊~懒癌晚期值得拥有。
2018年02月10日 19:55,b_red_4,102,颜色分类:黑色,年会奖品，员工收到之后玩了一个晚上，第二天夸了好长时间，智能的对话系统确实好玩。  现在的年小伙子就对这些潮流的电子产品有兴趣，好评。
2018年01月28日 16:08,b_blue_2,726,颜色分类:白色,不得不佩服现在的科技，非常智能，很喜欢，接着又买了一个准备送人用
2018年02月13日 23:36,b_blue_2,516,颜色分类:白色,很好用，第一代智能产品做到这样已经很对得起这个价格了
2018年02月10日 15:11,b_red_3,52,颜色分类:黑色,天猫精灵真心不错音质超级棒
2018年02月10日 18:48,b_red_4,133,颜色分类:黑色,特别好没有版权的就用蓝牙配对 也是可以的 无敌！
2018年02月14日 21:43,b_blue_4,2716,颜色分类:黑色,送人还是不错的选择，前沿产品，小孩的最爱
2018年02月13日 07:52,b_blue_3,1312,颜色分类:白色,收到，还没用，等送朋友时再拆开试用，先给个好评吧，有问题再联系你们，是正品应该没问题
2018年02月07日 20:00,b_blue_3,1124,颜色分类:白色,真好玩。音响音质也特别好。自从回来之后，我玩了整整一个晚上，太好玩啦。客服态度也特别好，物流也特别快。100分哟。哈哈
2018年02月15日 19:48,b_blue_2,845,颜色分类:白色,大年三十收到的礼物，应点也应景，送朋友很喜欢?
2018年02月07日 18:56,b_blue_1,466,颜色分类:白色,功能很强大，比小爱同学多夜灯功能，性价比超高"}],"buyAmount":1,"showCuIcon":true,"serviceRate":null,"useful":0,"user":{"nick":"贝***3","vipLevel":6,"displayRatePic":"b_blue_2.gif","nickUrl":"","anony":false,"rank":845,"avatar":"//wwc.alicdn.com/avatar/getAvatar.do?userIdStr=vGNuOHcWv88YXF-HPmvbMGIWMF*eMG9hvGlzvHkWPmRzPFQ0PFPhPF84P8gWMFk4&width=40&height=40&type=sns","vip":"b_red_1.gif","userId":"","rankUrl":""},"append":{"vicious":"","appendId":341076456773,"show":true,"videos":[],"reply":null,"dayAfterConfirm":1,"photos":[{"thumbnail":"//img.alicdn.com/imgextra/i2/0/TB2wyzDabGYBuNjy0FoXXciBFXa_!!0-rate.jpg_40x40.jpg","url":"//img.alicdn.com/imgextra/i2/0/TB2wyzDabGYBuNjy0FoXXciBFXa_!!0-rate.jpg_400x400.jpg","fileId":1932806200193178570,"receiveId":341076456773,"status":1}],"content":"功能很强大，比小爱同学多夜灯功能，性价比超高"},"status":0},{"date":"2018年02月07日 18:56","shareInfo":{"lastReplyTime":"","share":false,"pic":0,"reply":0,"userNumIdBase64":""},"showDepositIcon":false,"o2oRate":null,"mainTradeId":0,"raterType":0,"validscore":1,"video":null,"photos":[],"content":"运输很快 包装扎实  天猫精灵也很不错 我老妈感觉现在科技太先进了 放音乐特别不错
2018年02月14日 17:04,b_blue_1,267,颜色分类:黑色,买的一黑一白，超级喜欢，我家孩子也很喜欢，每天都是你好天猫，不错，值得购买！
2018年02月09日 18:51,b_red_2,35,颜色分类:黑色,天猫精灵非常不错，很实用，很好玩，很给力的小助手
2018年02月17日 12:42,b_blue_1,434,颜色分类:黑色,给朋友买的，还行，一次性配对成功，能正常使用，就是网速不行反应慢半拍。
2018年02月11日 11:37,b_red_1,5,颜色分类:白色,宝贝很好儿子很喜欢
2018年02月16日 01:59,b_red_5,243,颜色分类:白色,买了让加钱机器用了两天有时候正常聊天机器自己就响起来好几次了
2018年02月08日 15:42,b_blue_3,1286,颜色分类:黑色,宝贝到手很满意，使用起来很方便，家中老人和孩子使用起来上手快，现在已经成了寒假陪伴娃的好帮手，故事说不停。
2018年02月13日 07:26,b_blue_2,648,颜色分类:白色,非常好，孩子特别喜欢，正在学习当中。赞
2018年02月09日 23:15,b_blue_4,2077,颜色分类:白色,功能强大，对得起这个价钱。
2018年02月11日 18:36,b_blue_1,498,颜色分类:白色,非常不错啊，音质好，功能多
2018年02月16日 23:11,b_blue_4,2605,颜色分类:黑色,听朋友说好玩，春节期间自己买一个。2月14日晚下的单，2月16日中午收到。发货快，快递快。真棒?
2018年02月17日 21:26,b_red_5,159,颜色分类:白色,东西不错，?但是不能放歌！还在等待升级好了再反馈客服不错回答很耐心
2018年02月17日 11:22,b_red_4,123,颜色分类:白色,这个非常不错，智能，大部分物品都能连上
2018年02月07日 13:28,b_red_3,76,颜色分类:黑色,此用户没有填写评价。
2018年02月09日 11:41,b_blue_2,837,颜色分类:黑色,非常完美"}],"buyAmount":1,"showCuIcon":true,"serviceRate":null,"useful":0,"user":{"nick":"t***7","vipLevel":6,"displayRatePic":"b_red_3.gif","nickUrl":"","anony":false,"rank":76,"avatar":"//wwc.alicdn.com/avatar/getAvatar.do?userIdStr=vFkSPFHuXH*evF8LPmHSXmRIvCcLvkxLOFI4P0g0XFHbM0ZevCQyMG8YP0QYvGvb&width=40&height=40&type=sns","vip":"b_red_1.gif","userId":"","rankUrl":""},"append":{"vicious":"","appendId":340388187364,"show":true,"videos":[],"reply":null,"dayAfterConfirm":0,"photos":[{"thumbnail":"//img.alicdn.com/imgextra/i2/0/TB2JB4EX_tYBeNjy1XdXXXXyVXa_!!0-rate.jpg_40x40.jpg","url":"//img.alicdn.com/imgextra/i2/0/TB2JB4EX_tYBeNjy1XdXXXXyVXa_!!0-rate.jpg_400x400.jpg","fileId":1961506198172738524,"receiveId":340388187364,"status":1}],"content":"非常完美"},"status":0},{"date":"2018年02月09日 11:41","shareInfo":{"lastReplyTime":"","share":false,"pic":0,"reply":0,"userNumIdBase64":""},"showDepositIcon":false,"o2oRate":null,"mainTradeId":0,"raterType":0,"validscore":1,"video":null,"photos":[],"content":"天猫精灵其实蛮适合老年人用的，音乐、天气、故事都能hold住！我又买了小米的智能音箱，准备pk一下！再入手几台过年送礼！
2018年02月09日 20:24,b_blue_2,676,颜色分类:白色,给爸妈的，用过在来评论
2018年02月02日 20:19,b_blue_2,518,颜色分类:黑色,包装精美，外观小巧炫酷，内容丰富，基本满足需求，有部分音乐没有，反应还可以！
2018年02月01日 10:59,b_blue_1,380,颜色分类:白色,听同事介绍选择了天猫精灵，入手感觉非常赞，功能及使用效果超出了想象。店家服务也很不错，被本来打算买白色的，后来又换了黑色的，店家很客气就给我换了
2018年02月16日 12:45,b_blue_2,552,颜色分类:黑色,收到了，很喜欢！
2018年02月11日 07:54,b_blue_3,1360,颜色分类:黑色,很方便 音质也很好
2018年02月08日 22:00,b_red_5,167,颜色分类:白色,外观很棒 功能很好 棒棒哒
2018年02月07日 17:39,b_blue_2,726,颜色分类:白色,买的第二个，送朋友的
2018年02月11日 20:41,b_blue_1,299,颜色分类:黑色,宝贝收到了，小巧玲珑，音质挺好的。客服态度也很好
2018年01月26日 12:58,b_blue_2,895,颜色分类:黑色,非常好！已经在他家前后买了四个天猫了，非常喜欢
2018年02月13日 22:48,b_blue_1,411,颜色分类:白色,老妈，小孩都很喜欢这个新奇的玩具
2018年02月13日 14:45,b_blue_3,1643,颜色分类:黑色,朋友推荐音质非常好
2018年02月10日 21:52,b_blue_1,428,颜色分类:白色,一下买了四个，可以虐的小玩具
2018年02月13日 19:09,b_red_2,22,颜色分类:白色,这是第二次购买了，宝贝非常棒，功能强大，送家人的，她的新主人非常满意！
2018年02月09日 10:57,b_blue_2,529,颜色分类:黑色,送朋友的，没有拆封，店家很好，还会光顾的
2018年02月12日 12:19,b_red_4,126,颜色分类:白色,卖家靠谱 年前收到货了 应该是正品 顺丰快递也给力
2018年02月05日 17:22,b_red_3,69,颜色分类:白色,收到了，比想象中的小了一点，但功能实在强大啊，语音也很灵敏，反应很快，小孩子都喜欢的不得了，围着不肯走了，很智能、很强大！先玩了！
2018年02月08日 15:31,b_blue_2,993,颜色分类:白色,公司发礼品的 速度很快 包装很好
2018年02月10日 11:54,b_blue_1,431,颜色分类:白色,我们家小宝宝很喜欢，可以随时听贝瓦儿歌了！玩了一晚上马上就给好朋友又买了一个！
2018年02月10日 09:50,b_blue_4,2097,颜色分类:白色,功能强大，好玩也实用
2018年01月28日 17:08,b_blue_2,542,颜色分类:白色,因为不懂,问了客服很多问题啊，客服很耐心的回答了我，谢谢。这款产品确实很高端很智能，但是还有不足的方面，希望今后改进。另外，天猫和黑豆如果想控制电视调频道的话，必须得电视的厂商和天猫的有一个协议，才能实现语音控制。这方面真的很鸡肋&hellip;&hellip;希望，博联以后能更新软件和一些没有建议协议的厂商能共同的完成语音控制
2018年02月14日 08:48,b_blue_3,1565,颜色分类:黑色,特别好用 孩子老人都喜欢
2018年02月08日 17:26,b_red_5,235,颜色分类:白色,不错的，希望库越来越强大
2018年02月16日 11:36,b_blue_3,1414,颜色分类:黑色,小朋友很开心，没想到大年初一还送货
2018年02月01日 18:52,b_blue_1,299,颜色分类:黑色,宝贝很好！做工考究，细节处理到位！送给老人家十分满意，爱不释手！推荐购买！！
2018年02月13日 20:24,b_blue_1,298,颜色分类:白色,整体来说还是不错的
2018年02月14日 18:57,b_blue_3,1362,颜色分类:白色,此用户没有填写评价。
2018年02月18日 11:49,b_blue_1,327,颜色分类:黑色,不错的好东东，孩子超喜欢！"}],"buyAmount":1,"showCuIcon":true,"serviceRate":null,"useful":0,"user":{"nick":"g***8","vipLevel":0,"displayRatePic":"b_blue_3.gif","nickUrl":"","anony":false,"rank":1362,"avatar":"//wwc.alicdn.com/avatar/getAvatar.do?userIdStr=vFkSPFHuXH*evF8LPmHSXmRIvCcLvkxLOFI4P0g0XFH0OmI4v0kLMmZ-O8kLOF*I&width=40&height=40&type=sns","vip":"","userId":"","rankUrl":""},"append":{"vicious":"","appendId":340990317171,"show":true,"videos":[],"reply":null,"dayAfterConfirm":0,"photos":[],"content":"不错的好东东，孩子超喜欢！"},"status":0},{"date":"2018年02月18日 11:49","shareInfo":{"lastReplyTime":"","share":false,"pic":0,"reply":0,"userNumIdBase64":""},"showDepositIcon":false,"o2oRate":null,"mainTradeId":0,"raterType":0,"validscore":1,"video":null,"photos":[],"content":"科技含量高，做工精美！
2018年02月17日 03:42,b_red_3,73,颜色分类:白色,很好，孩子们很喜欢，评价晚了，不好意思
2018年02月15日 11:45,b_blue_1,405,颜色分类:黑色,非常好的宝贝，以后继续光顾。
2018年02月05日 13:55,b_red_3,71,颜色分类:白色,小巧精致，非常漂亮，音质不错，搜索资源丰富，语音识别度高，功能齐全，下次还会再购买。
2018年02月07日 12:01,b_blue_2,722,颜色分类:黑色,孩子很喜欢，睡前让天猫精灵讲故事，还能做数学题、英语翻译等等，棒棒地
2018年02月13日 10:08,b_blue_1,395,颜色分类:黑色,刚开始不会联网，后来客服耐心指导终于弄好了，对客服态度给个赞，天猫精灵很可爱，很强大，已经买了两个
2018年02月16日 12:25,b_blue_1,261,颜色分类:黑色,非常好，孩子很喜欢
2018年02月11日 11:12,b_red_2,14,颜色分类:黑色,如果能改名字就更完美了！
2018年02月08日 00:25,b_blue_1,311,颜色分类:黑色,物美价廉，性价比高，小巧精致，美观实用，宝宝很喜欢，研究使用中，店家发货迅速，描述真实，服务热情，快递也不错，很满意的一次购物。
2018年02月02日 12:31,b_red_2,32,颜色分类:黑色,宝贝很好用，反应很快，很灵敏，音效也是不错的，力荐力荐^_^^_^^_^^_^^_^^_^^_^^_^
2018年02月15日 14:23,b_red_5,184,颜色分类:白色,不错。店家发货速度很快。。头天下单第二天就收到了。。。功能好用。。天猫精灵不错的选择。喜欢。满五分好评。
2018年02月12日 19:39,b_blue_2,805,颜色分类:黑色,发货很快，快过年了还能准时收到，机器反应还不错，小孩很喜欢，一个大玩具
2018年02月17日 23:10,b_blue_1,374,颜色分类:黑色,音质不错，过年有它很热闹
2018年02月09日 12:04,b_red_5,218,颜色分类:白色,非常好玩
2018年02月01日 10:33,b_blue_1,498,颜色分类:黑色,一开始因为网络问题没能连上精灵很是郁闷，后来请教了客户，给了非常多的帮助，现在WIFI终于能正常连接了！谢谢！天猫精灵真的是个精灵，一应俱全，孩子非常开心！好似多了个伙伴！质量也没得说！快递也非常给力！大雪天也送货很及时！总之这次购物非常满意！??卖家生意兴隆！
2018年02月05日 11:20,b_blue_3,1271,颜色分类:黑色,买来送人，小朋友很喜欢，很强大的一款小机器人，音响效果也很不错，卖家发货快，很好！
2018年02月01日 12:50,b_red_5,250,颜色分类:黑色,朋友推荐的，下单了就好期待，非常精致的音响，还没试用，相信天猫的品质，果断好评！
2018年02月05日 00:19,b_blue_2,524,颜色分类:白色,是正品，真的太棒了！随叫随到的小管家，试用了快一周了，语音识别挺灵敏的，大冬天的早上真的靠它的劲爆音乐把我从被窝里拖出来了，推荐入手哈哈
2018年02月16日 20:17,b_red_3,70,颜色分类:黑色,宝贝很不错，很好玩
2018年02月03日 09:00,b_blue_2,588,颜色分类:黑色,宝贝很不错，绝对正品的天猫精灵，领导也很满意，特别感谢卖家送的热水袋，水果造型敲可爱，办公室的姐妹都很喜欢
2018年02月07日 22:02,b_blue_2,826,颜色分类:黑色,天猫精灵很好用，想听的基本都可以给你找出来，只是有些问题还有待开发，总之就目前的智能水平还是满意的。
2018年02月14日 11:25,b_blue_3,1831,颜色分类:黑色,便宜又好用的宝贝
2018年02月13日 12:12,b_blue_2,584,颜色分类:白色,精灵太强大了，孩子叫的不亦乐乎。配上魔盒，连遥控器都省了。唯一的缺点就是，孩子说句话就把我的台给换了，以后家里一台电视是不够了
2018年02月14日 19:25,b_red_5,210,颜色分类:白色,天猫精灵很好用，很灵敏，也很聪明。
2018年02月15日 23:11,b_red_5,202,颜色分类:白色,用来给宝宝防音乐玩的，声音还不错吧，只是不知道黑豆怎么用
2018年02月15日 19:49,b_red_3,53,颜色分类:白色,非常满意一次购物。
2018年02月13日 16:21,b_red_5,222,颜色分类:黑色,东西不错
2018年02月13日 18:14,b_blue_4,2402,颜色分类:白色,很好，很惊喜，儿子喜欢得很。
2018年02月17日 12:06,b_red_1,9,颜色分类:黑色,宝贝很好！不错的下次我还来，
2018年02月04日 16:57,b_red_5,179,颜色分类:黑色,期待了两天，终于到了。很完美的东西，反应也很快。值得入手。
2018年02月14日 09:40,b_blue_3,1110,颜色分类:白色,非常好的宝贝
2018年02月15日 13:33,b_red_5,203,颜色分类:白色,又买了两个送人，春运前的物流也挺给力。
2018年02月18日 07:39,b_blue_4,2762,颜色分类:白色,太棒了，功能强大，便用方便。
2018年02月11日 19:17,b_red_5,153,颜色分类:黑色,好
2018年02月09日 21:54,b_blue_4,2122,颜色分类:黑色,特别有意思，功能强大，反应灵敏！！！
2018年02月08日 00:22,b_blue_2,517,颜色分类:黑色,还不错，买给父母玩的，很简单就能学会哈哈，就是比siri差点，挺智能的了
2018年02月14日 07:07,b_blue_1,426,颜色分类:白色,宝贝很好，天天加班，忘了评价
2018年02月01日 17:36,b_blue_4,2691,颜色分类:白色,这是买的第二个，官方太贵了，来这里买又便宜又好，还是现货不用等，买来送朋友孩子，简直太好了，推荐大家买，大人孩子都能玩
2018年02月12日 18:19,b_blue_2,794,颜色分类:白色,功能很强大，估计软件后期升级能提供更多服务。白色显得亮些，和家具好搭配。
2018年02月17日 18:31,b_blue_1,415,颜色分类:黑色,精灵不错，比想象的好
2018年02月12日 21:08,b_blue_2,697,颜色分类:黑色,很好用 适合家里有小孩的家庭，送礼超有新意
2018年02月02日 19:23,b_red_5,203,颜色分类:白色,很好用，儿子可以每天听故事，学唱歌了，不用天天打游戏了，超赞。
2018年02月10日 16:39,b_blue_1,372,颜色分类:黑色,很好，爸妈很喜欢
2018年02月02日 21:26,b_blue_2,731,颜色分类:黑色,美观大方，简单好用，妈妈可以一边打扫一边听故事啦！?"}],"buyAmount":1,"showCuIcon":true,"serviceRate":null,"useful":0,"user":{"nick":"z***9","vipLevel":6,"displayRatePic":"b_blue_1.gif","nickUrl":"","anony":false,"rank":372,"avatar":"//wwc.alicdn.com/avatar/getAvatar.do?userIdStr=vGNuOHcWv88YXF-HPmvbMG*HXFkWMkxYPFxuv8gSXFxyMHQYO87hOF8yXHQLXmg4&width=40&height=40&type=sns","vip":"b_red_1.gif","userId":"","rankUrl":""},"append":{"vicious":"","appendId":340665096431,"show":true,"videos":[],"reply":null,"dayAfterConfirm":1,"photos":[{"thumbnail":"//img.alicdn.com/imgextra/i4/0/TB2dCTgX49YBuNjy0FfXXXIsVXa_!!0-rate.jpg_40x40.jpg","url":"//img.alicdn.com/imgextra/i4/0/TB2dCTgX49YBuNjy0FfXXXIsVXa_!!0-rate.jpg_400x400.jpg","fileId":1837906198518673318,"receiveId":340665096431,"status":1},{"thumbnail":"//img.alicdn.com/imgextra/i4/0/TB2vMttXqAoBKNjSZSyXXaHAVXa_!!0-rate.jpg_40x40.jpg","url":"//img.alicdn.com/imgextra/i4/0/TB2vMttXqAoBKNjSZSyXXaHAVXa_!!0-rate.jpg_400x400.jpg","fileId":1837906200133455301,"receiveId":340665096431,"status":1}],"content":"美观大方，简单好用，妈妈可以一边打扫一边听故事啦！?"},"status":0},{"date":"2018年02月02日 21:26","shareInfo":{"lastReplyTime":"","share":false,"pic":0,"reply":0,"userNumIdBase64":""},"showDepositIcon":false,"o2oRate":null,"mainTradeId":0,"raterType":0,"validscore":1,"video":null,"photos":[{"thumbnail":"//img.alicdn.com/imgextra/i3/0/TB2j8dmXr9YBuNjy0FgXXcxcXXa_!!0-rate.jpg_40x40.jpg","url":"//img.alicdn.com/imgextra/i3/0/TB2j8dmXr9YBuNjy0FgXXcxcXXa_!!0-rate.jpg_400x400.jpg","fileId":1924706197691411799,"receiveId":339813697629,"status":1},{"thumbnail":"//img.alicdn.com/imgextra/i2/0/TB2fIBnXqmWBuNjy1XaXXXCbXXa_!!0-rate.jpg_40x40.jpg","url":"//img.alicdn.com/imgextra/i2/0/TB2fIBnXqmWBuNjy1XaXXXCbXXa_!!0-rate.jpg_400x400.jpg","fileId":1924706198401128922,"receiveId":339813697629,"status":1}],"content":"非常不错的天猫精灵，音乐还是蛮多的，音质也是很好很好。其它应用正在慢慢的探索中，期待后面的惊喜
2018年02月10日 19:16,b_blue_2,705,颜色分类:白色,宝贝已收到，试验一会还好，不错，音质很清晰，操作也很灵，全5分。
2018年01月16日 14:32,b_red_2,12,,评价方未及时做出评价,系统默认好评!
2018年02月10日 20:51,b_red_5,180,颜色分类:白色,ok很智能，我喜欢"}],"buyAmount":0,"showCuIcon":false,"serviceRate":null,"useful":0,"user":{"nick":"冯***5","vipLevel":6,"displayRatePic":"b_red_2.gif","nickUrl":"","anony":true,"rank":12,"avatar":"//assets.alicdn.com/app/sns/img/default/avatar-40.png","vip":"b_red_1.gif","userId":"","rankUrl":""},"append":{"vicious":"","appendId":340927276789,"show":true,"videos":[],"reply":null,"dayAfterConfirm":44,"photos":[],"content":"ok很智能，我喜欢"},"status":0},{"date":"2018年02月10日 20:51","shareInfo":{"lastReplyTime":"","share":false,"pic":0,"reply":0,"userNumIdBase64":""},"showDepositIcon":false,"o2oRate":null,"mainTradeId":0,"raterType":0,"validscore":1,"video":null,"photos":[{"thumbnail":"//img.alicdn.com/imgextra/i1/0/TB2lkRwXpooBKNjSZPhXXc2CXXa_!!0-rate.jpg_40x40.jpg","url":"//img.alicdn.com/imgextra/i1/0/TB2lkRwXpooBKNjSZPhXXc2CXXa_!!0-rate.jpg_400x400.jpg","fileId":1964606199202887512,"receiveId":340700622783,"status":1}],"content":"很好！非常棒！
2018年02月13日 11:41,b_blue_3,1091,颜色分类:黑色,不愧是人工智障！
2018年02月04日 10:40,b_blue_2,542,颜色分类:黑色,小孩子期末考试的奖励，儿子喜欢，黑色
2018年02月14日 11:09,b_red_2,20,颜色分类:黑色,春节期间物流还是很快的，给爸爸过节的礼物?，很好
2018年02月13日 18:05,b_blue_2,553,颜色分类:黑色,5分好评，顺丰很快，春节前没有耽误，给老板点赞
2018年02月15日 23:13,b_blue_2,845,颜色分类:白色,物流超好！作为送人的礼物很满意
2018年02月02日 20:38,b_red_3,84,颜色分类:白色,很棒 用来放音乐 智能反应也不错
2018年02月04日 16:18,b_blue_2,881,颜色分类:白色,小孩很喜欢，很灵敏，说方言都可以听懂！不错
2018年02月04日 22:26,b_blue_2,605,颜色分类:白色,宝贝收到了、好喜欢呀、一个人和它玩了好久、???功能很强大哦。喜欢的朋友快快下手吧。
2018年02月12日 17:25,b_blue_2,611,颜色分类:白色,确实不错，很喜欢，还在慢慢学习中。看看是不是真的会自我学习，哈哈。
2018年02月17日 19:18,b_red_5,239,颜色分类:黑色,果然智障，哈哈哈
2018年02月10日 19:08,b_red_5,242,颜色分类:白色,非常好玩儿！很新鲜的玩意儿？
2018年02月15日 12:30,b_blue_1,347,颜色分类:黑色,很好玩，很智能
2018年02月14日 14:13,b_blue_1,320,颜色分类:白色,不错不错，很智能！
2018年02月08日 07:51,b_blue_3,1453,颜色分类:黑色,喜欢、好玩、精致、价格实惠
2018年02月09日 23:42,b_blue_2,986,颜色分类:黑色,宝贝很好用，非常灵敏，老公喜欢??不得了啊
2018年02月03日 14:00,b_blue_1,425,颜色分类:黑色,宝贝很快到货了！收到时异常兴奋，全家人都爱不释手，简直太智能了，希望能够开发更多的新功能，特殊感谢下客服，非常耐心的解答，感谢???
2018年02月03日 18:09,b_red_5,202,颜色分类:黑色,东西很好，家人都很喜欢，音质各方面都很满意，值得够买的
2018年02月11日 08:22,b_red_2,25,颜色分类:白色,非常好，喜欢
2018年02月04日 09:50,b_blue_3,1327,颜色分类:黑色,虽然控制家电还没有搞清楚，但已经解放双手和眼睛。帮我做很多事情。满意，还要送妈妈一个。
2018年02月07日 21:59,b_blue_4,2624,颜色分类:黑色,宝贝包装严实，好用还会再次光顾。
2018年02月13日 23:35,b_red_4,123,颜色分类:黑色,好用，卖家好评
2018年02月18日 11:19,b_blue_3,1101,颜色分类:白色,特别好玩
2018年02月17日 15:01,","nickUrl":"","anony":true,"rank":1,"avatar":"//assets.alicdn.com/app/sns/img/default/avatar-40.png","vip":"b_red_1.gif","userId":"","rankUrl":""},"append":null,"status":0},{"date":"2018年02月08日 16:10","shareInfo":{"lastReplyTime":"","share":false,"pic":0,"reply":0,"userNumIdBase64":""},"showDepositIcon":false,"o2oRate":null,"mainTradeId":0,"raterType":0,"validscore":1,"video":null,"photos":[],"content":"天猫精灵不错，收到货用了几天非常好用方便！这样又多了一个玩伴！","rateId":340499115563,"spuRatting":[],"auction":{"thumbnail":"","link":"//item.taobao.com/item.htm?id=557065873264","auctionPic":"//img.alicdn.com/bao/uploaded/null_40x40.jpg","sku":"颜色分类:白色","title":"","aucNumId":"557065873264"},"award":"","rate":"1","creditFraudRule":0,"appendCanExplainable":false,"from":"","tag":"","propertiesAvg":"0.0","reply":null,"dayAfterConfirm":0,"lastModifyFrom":0,"bidPriceMoney":{"amount":399,"centFactor":100,"cent":39900,"displayUnit":"元","currency":{"symbol":"￥","displayName":"人民币","currencyCode":"CNY","defaultFractionDigits":2,"numericCode":156},"currencyCode":"CNY"},"noQna":true,"promotionType":"活动促销  ","vicious":"","enableSNS":false,"appendList":[],"buyAmount":1,"showCuIcon":true,"serviceRate":null,"useful":0,"user":{"nick":"h***d","vipLevel":0,"displayRatePic":"b_blue_3,1,颜色分类:黑色,商家发货很快很速度，不过天猫精灵没有我哥买的那个好用，这个有时对它说话没有反应
2018年02月08日 16:10,b_blue_5,1224,颜色分类:白色,天猫精灵不错，收到货用了几天非常好用方便！这样又多了一个玩伴！
2018年02月08日 16:12,b_red_3,5358,颜色分类:白色,非常棒，孩子超爱，我用来管理时间很方便
2018年02月09日 13:51,b_blue_2,79,颜色分类:白色,刚拿到宝贝，试了一下，感觉还不错，比我话还多。好东西，超赞！
2018年02月06日 16:34,b_blue_2,679,颜色分类:黑色,送同事的礼物?，天猫精灵一直都好评的，觉得好玩新鲜才买来送人。物流很快 包装也不错&hellip;
2018年02月12日 16:47,b_blue_2,752,颜色分类:白色,发货很快 东西还没使用 但是包装的很好 相信是正品
2018年02月09日 19:05,b_blue_2,648,颜色分类:白色,东西很快收到了，女儿非常喜欢
2018年02月08日 10:44,b_blue_2,582,颜色分类:白色,不错的一款智能小音箱，儿子经常和他对话玩，期待能更新很多知识
2018年02月09日 19:31,b_blue_1,683,颜色分类:黑色,非常不错，娃娃大爱，这下多了一个玩伴儿啦
2018年02月10日 18:31,b_red_4,382,颜色分类:黑色,宝贝包装很好，暂未调测，期待中
2018年02月17日 10:07,b_red_2,129,颜色分类:黑色,非常喜欢 很有趣。哎哟不错哟
2018年02月11日 21:40,b_red_3,90,颜色分类:白色,非常适合我家宝宝。可以减少宝宝看视频了。
2018年02月03日 23:08,b_red_4,101,颜色分类:白色,宝贝很喜欢，老婆也很喜欢，功能很强大，这次购物很愉快！！！！
2018年02月13日 15:38,b_blue_4,2243,颜色分类:白色,很喜欢，有意思极了。
2018年02月14日 15:27,b_red_5,197,颜色分类:白色,还未使用，用了再评！
2018年02月07日 20:32,b_blue_4,2514,颜色分类:黑色,特别好用。比其他同款都好看。灵敏。
2018年02月04日 15:42,b_red_3,64,颜色分类:黑色,天猫精灵智能音响，超乎想象的好，操作方便，简单易学，绝对超值 客服很有耐心并且专业，物流也快，值得入手，保证买的不后悔，用的开心
2018年02月08日 07:55,b_blue_2,995,颜色分类:白色,很好的东东，给老人买了两个，可喜欢玩儿啦。
2018年02月07日 21:30,b_red_2,39,颜色分类:黑色,还未使用，但是外观很不错，送人用挺喜欢
2018年02月10日 19:14,b_red_3,81,颜色分类:白色,挺智能的，能够满足小孩的多方面需要，棒棒的！
2018年02月07日 22:55,b_blue_2,580,颜色分类:白色,挺好的，叫一下就回和你对话，一个人寂寞无聊了撩一下天猫精灵也不错 哈哈
2018年02月12日 19:20,","nickUrl":"","anony":false,"rank":2,"avatar":"//wwc.alicdn.com/avatar/getAvatar.do?userIdStr=vFkSPFHuXH*evF8LPmHSXH8SXH*zXmIGMCQ4vGNGXF*IMk7zMC9eXFcLXmNLP0l-&width=40&height=40&type=sns","vip":"b_red_1.gif","userId":"","rankUrl":""},"append":null,"status":0},{"date":"2018年02月03日 20:06","shareInfo":{"lastReplyTime":"","share":false,"pic":0,"reply":0,"userNumIdBase64":""},"showDepositIcon":false,"o2oRate":null,"mainTradeId":0,"raterType":0,"validscore":1,"video":null,"photos":[],"content":"特意用了才来评价的，实物与描述的一样，孩子玩的很开心，以后不用一直缠着我给讲故事了！真心推荐","rateId":339921481080,"spuRatting":[],"auction":{"thumbnail":"","link":"//item.taobao.com/item.htm?id=557065873264","auctionPic":"//img.alicdn.com/bao/uploaded/null_40x40.jpg","sku":"颜色分类:白色","title":"","aucNumId":"557065873264"},"award":"","rate":"1","creditFraudRule":0,"appendCanExplainable":false,"from":"","tag":"","propertiesAvg":"0.0","reply":null,"dayAfterConfirm":0,"lastModifyFrom":0,"bidPriceMoney":{"amount":499,"centFactor":100,"cent":49900,"displayUnit":"元","currency":{"symbol":"￥","displayName":"人民币","currencyCode":"CNY","defaultFractionDigits":2,"numericCode":156},"currencyCode":"CNY"},"noQna":true,"promotionType":"活动促销  ","vicious":"","enableSNS":false,"appendList":[{"vicious":"","appendId":339964548582,"show":true,"videos":[],"reply":null,"dayAfterConfirm":0,"photos":[{"thumbnail":"//img.alicdn.com/imgextra/i3/0/TB2KZmOXuuSBuNjSsziXXbq8pXa_!!0-rate.jpg_40x40.jpg","url":"//img.alicdn.com/imgextra/i3/0/TB2KZmOXuuSBuNjSsziXXbq8pXa_!!0-rate.jpg_400x400.jpg","fileId":1468806198989706583,"receiveId":339964548582,"status":1}],"content":"买的白色的，音质很不错，晒晒！"}],"buyAmount":1,"showCuIcon":true,"serviceRate":null,"useful":0,"user":{"nick":"冷***8","vipLevel":6,"displayRatePic":"b_red_2,2,颜色分类:白色,发货非常快 反应比较灵敏
2018年02月03日 20:06,b_red_5,32,颜色分类:白色,特意用了才来评价的，实物与描述的一样，孩子玩的很开心，以后不用一直缠着我给讲故事了！真心推荐
2018年02月07日 19:12,b_blue_1,226,颜色分类:白色,买的白色的，音质很不错，晒晒！"}],"buyAmount":1,"showCuIcon":true,"serviceRate":null,"useful":0,"user":{"nick":"冷***8","vipLevel":6,"displayRatePic":"b_red_2.gif","nickUrl":"","anony":false,"rank":32,"avatar":"//wwc.alicdn.com/avatar/getAvatar.do?userIdStr=vFkSPFHuXH*evF8LPmHSXHZIvGgSPk8SMFIyXFILPCZHvH*ePkQYPHPIM0k0vCxb&width=40&height=40&type=sns","vip":"b_red_1.gif","userId":"","rankUrl":""},"append":{"vicious":"","appendId":339964548582,"show":true,"videos":[],"reply":null,"dayAfterConfirm":0,"photos":[{"thumbnail":"//img.alicdn.com/imgextra/i3/0/TB2KZmOXuuSBuNjSsziXXbq8pXa_!!0-rate.jpg_40x40.jpg","url":"//img.alicdn.com/imgextra/i3/0/TB2KZmOXuuSBuNjSsziXXbq8pXa_!!0-rate.jpg_400x400.jpg","fileId":1468806198989706583,"receiveId":339964548582,"status":1}],"content":"买的白色的，音质很不错，晒晒！"},"status":0},{"date":"2018年02月07日 19:12","shareInfo":{"lastReplyTime":"","share":false,"pic":0,"reply":0,"userNumIdBase64":""},"showDepositIcon":false,"o2oRate":null,"mainTradeId":0,"raterType":0,"validscore":1,"video":null,"photos":[],"content":"宝贝不错，孩子很喜欢
2018年02月02日 15:24,b_blue_3,438,颜色分类:黑色,比我想象的好用太多，办公室人员人手一个，女儿也是每天要和音箱讲讲话。
2018年02月05日 19:05,b_blue_3,1019,颜色分类:白色,宝贝非常好送人生日礼物，太感谢卖家了么么哒
2018年02月05日 16:45,b_red_2,1215,颜色分类:白色,东西不错，卖家服务也不错，一下子要了10台，送朋友们都很喜欢，有好货会再来
2018年02月15日 20:56,b_red_4,29,颜色分类:黑色,宝贝是不错，就是功能还需要再增加
2018年02月09日 20:34,b_red_5,124,颜色分类:白色,非常满意，二个小孩拿到手就没有停止过玩。
2018年02月12日 19:18,b_blue_1,212,颜色分类:黑色,好喜欢非常喜欢等待以后的优化赞一个
2018年02月10日 01:20,b_blue_1,359,颜色分类:黑色,非常好用，老婆孩子都喜欢！！！
2018年02月09日 15:06,b_red_4,118,颜色分类:黑色,东西不错，还在摸索新功能
2018年02月03日 00:16,b_blue_1,315,颜色分类:黑色,第二次买了。东西挺不错。有些操作还要研究
2018年02月12日 17:00,b_blue_1,493,颜色分类:白色,挺好的。。反应灵敏。。好玩
2018年02月13日 16:39,b_blue_2,1000,颜色分类:白色,很好，很满意，很智能。
2018年02月03日 16:50,b_blue_1,463,颜色分类:黑色,很好很好很好 黑色的很有质感
2018年02月18日 20:55,b_blue_3,1690,颜色分类:白色,挺智能的！不错
2018年02月08日 12:42,b_red_5,178,颜色分类:黑色,很不错，喜欢
2018年02月12日 12:58,b_blue_3,1755,颜色分类:白色,很好的ai音响
2018年02月04日 15:48,b_red_3,64,颜色分类:黑色,宝贝超乎想象的好，上手简单易学，功能强大，真是买的放心，用的开心，感谢天猫精灵的客服，也感谢超级给力的物流。
2018年02月06日 18:59,b_red_5,166,颜色分类:黑色,两孩子一人一个两娃玩的可嗨！内容非常丰富，服务也好的不要不要的，
2018年02月06日 13:15,b_blue_1,298,颜色分类:白色,送给客户的，貌似还不错，准备自己在入手一个，功能很强大，很喜欢
2018年02月10日 18:16,b_red_2,21,颜色分类:黑色,东西还不错，蛮好用的
2018年02月18日 11:44,b_red_3,61,颜色分类:黑色,非常满意！！！！
2018年02月08日 16:49,b_red_3,61,颜色分类:白色,真心不错 音质好
2018年02月02日 12:38,b_blue_2,899,颜色分类:白色,音质不错，每天早晨起来放一首轻音乐，语音也挺灵敏的
2018年02月13日 23:36,b_red_4,123,颜色分类:黑色,好评，卖家好评
2018年02月08日 17:51,b_blue_1,376,颜色分类:黑色,很喜欢
2018年02月06日 19:20,b_red_4,150,颜色分类:白色,智能型播放器，送给女儿的，可喜欢了
2018年02月11日 17:55,b_red_2,35,颜色分类:黑色,宝贝很不错，功能很强大。
2018年01月30日 03:55,b_blue_4,2009,颜色分类:黑色,超级赞，喜欢喜欢选！
2018年02月07日 20:03,b_blue_3,1528,颜色分类:白色,发货快，特别好，小朋友特别喜欢！
2018年02月09日 22:13,b_red_5,217,颜色分类:白色,送货速度快  性价比高   特价购入   不错   赞一个
2018年02月01日 17:44,b_red_1,5,颜色分类:黑色,宝贝很好用很智能祝店主生意兴隆
2018年02月02日 12:39,b_blue_3,1167,颜色分类:黑色,很好"}],"buyAmount":1,"showCuIcon":true,"serviceRate":null,"useful":0,"user":{"nick":"西***℡","vipLevel":6,"displayRatePic":"b_red_1.gif","nickUrl":"","anony":true,"rank":5,"avatar":"//assets.alicdn.com/app/sns/img/default/avatar-40.png","vip":"b_red_1.gif","userId":"","rankUrl":""},"append":{"vicious":"","appendId":339847321700,"show":true,"videos":[],"reply":null,"dayAfterConfirm":1,"photos":[],"content":"很好"},"status":0},{"date":"2018年02月02日 12:39","shareInfo":{"lastReplyTime":"","share":false,"pic":0,"reply":0,"userNumIdBase64":""},"showDepositIcon":false,"o2oRate":null,"mainTradeId":0,"raterType":0,"validscore":1,"video":null,"photos":[{"thumbnail":"//img.alicdn.com/imgextra/i3/0/TB2I9kvXgmTBuNjy1XbXXaMrVXa_!!0-rate.jpg_40x40.jpg","url":"//img.alicdn.com/imgextra/i3/0/TB2I9kvXgmTBuNjy1XbXXaMrVXa_!!0-rate.jpg_400x400.jpg","fileId":1505406198141895801,"receiveId":339753713062,"status":1},{"thumbnail":"//img.alicdn.com/imgextra/i3/0/TB20R.tXk9WBuNjSspeXXaz5VXa_!!0-rate.jpg_40x40.jpg","url":"//img.alicdn.com/imgextra/i3/0/TB20R.tXk9WBuNjSspeXXaz5VXa_!!0-rate.jpg_400x400.jpg","fileId":1505406198735053213,"receiveId":339753713062,"status":1},{"thumbnail":"//img.alicdn.com/imgextra/i1/0/TB2fwlGXaQoBKNjSZJnXXaw9VXa_!!0-rate.jpg_40x40.jpg","url":"//img.alicdn.com/imgextra/i1/0/TB2fwlGXaQoBKNjSZJnXXaw9VXa_!!0-rate.jpg_400x400.jpg","fileId":1505406199085935492,"receiveId":339753713062,"status":1}],"content":"一口气买了28个，送给同事们。很棒，很满意！
2018年02月05日 11:03,b_red_2,31,颜色分类:白色,真的不错还要在买一个送朋友
2018年02月09日 00:43,b_blue_3,1583,颜色分类:黑色,太好玩了，操作很简单快捷。
2018年02月12日 18:01,b_red_5,164,颜色分类:黑色,东西很好用！
2018年02月12日 22:31,b_blue_2,705,颜色分类:黑色,宝贝已收到，很好，很漂亮，不错全5 分。
2018年02月06日 15:45,b_blue_1,303,颜色分类:黑色,挺好的，喜欢，语音识别挺快的，功能齐全，要比小爱音响连接的物理设备多好多，喜欢，赞一个
2018年02月08日 12:50,b_blue_1,485,颜色分类:白色,天猫精灵挺好的！距离远也听得到！很方便！
2018年02月11日 14:17,b_blue_1,443,颜色分类:黑色,东西不错
2018年02月17日 10:34,b_blue_1,465,颜色分类:黑色,宝贝非常好
2018年02月09日 20:35,b_red_4,124,颜色分类:白色,的确是个小精灵"}],"buyAmount":1,"showCuIcon":true,"serviceRate":null,"useful":0,"user":{"nick":"英***7","vipLevel":0,"displayRatePic":"b_blue_1.gif","nickUrl":"","anony":false,"rank":465,"avatar":"//wwc.alicdn.com/avatar/getAvatar.do?userIdStr=vGNuOHcWv88YXF-HPmvbM0gSMF*IMH8WvHlzX8QSM8x0OFcYMCISOmQ0PFHuXFkY&width=40&height=40&type=sns","vip":"","userId":"","rankUrl":""},"append":{"vicious":"","appendId":341092539437,"show":true,"videos":[],"reply":null,"dayAfterConfirm":0,"photos":[{"thumbnail":"//img.alicdn.com/imgextra/i3/0/TB2cJFzaDlYBeNjSszcXXbwhFXa_!!0-rate.jpg_40x40.jpg","url":"//img.alicdn.com/imgextra/i3/0/TB2cJFzaDlYBeNjSszcXXbwhFXa_!!0-rate.jpg_400x400.jpg","fileId":1536206198930561762,"receiveId":341092539437,"status":1},{"thumbnail":"//img.alicdn.com/imgextra/i3/0/TB2CwLWaeSSBuNjy0FlXXbBpVXa_!!0-rate.jpg_40x40.jpg","url":"//img.alicdn.com/imgextra/i3/0/TB2CwLWaeSSBuNjy0FlXXbBpVXa_!!0-rate.jpg_400x400.jpg","fileId":1536206200090452473,"receiveId":341092539437,"status":1}],"content":"的确是个小精灵"},"status":0},{"date":"2018年02月09日 20:35","shareInfo":{"lastReplyTime":"","share":false,"pic":0,"reply":0,"userNumIdBase64":""},"showDepositIcon":false,"o2oRate":null,"mainTradeId":0,"raterType":0,"validscore":-4,"video":null,"photos":[],"content":"物流快 ，东西好，孩子现在还在玩。
2018年01月21日 20:52,b_red_5,227,颜色分类:白色,宝贝已收到，比想象中的小，我以为要很大一个，正是理想中大小。音质很好，反应也很快，值得购买。快递包装贴心，比一般的纸箱厚很多，这样的卖家，才能让人买的放心。
2018年02月12日 15:43,b_blue_1,325,颜色分类:黑色,好东西，很好玩，又买了一个。
2018年02月07日 11:43,b_blue_2,828,颜色分类:白色,不错哦，送货很快，东西很好用，是正品
2018年02月05日 22:15,b_red_5,237,颜色分类:白色,宝贝很好，做工很精细，快递也很快，价格很实惠哦！
2018年02月12日 15:35,b_blue_1,398,颜色分类:黑色,非常满意！孩子喜欢！卖家态度也很好！
2018年02月13日 14:00,b_blue_1,267,颜色分类:白色,很好用！"}],"buyAmount":1,"showCuIcon":true,"serviceRate":null,"useful":0,"user":{"nick":"雨***6","vipLevel":0,"displayRatePic":"b_blue_1.gif","nickUrl":"","anony":false,"rank":398,"avatar":"//wwc.alicdn.com/avatar/getAvatar.do?userIdStr=vGNuOHcWv88YXF-HPmvbM07HvG8SvFI0Xm7Hvm80MkZIXmM-Pmcuv0RIPClhMkZI&width=40&height=40&type=sns","vip":"","userId":"","rankUrl":""},"append":{"vicious":"","appendId":340819946242,"show":true,"videos":[],"reply":null,"dayAfterConfirm":9,"photos":[{"thumbnail":"//img.alicdn.com/imgextra/i3/0/TB2nD.VX9CWBuNjy0FhXXb6EVXa_!!0-rate.jpg_40x40.jpg","url":"//img.alicdn.com/imgextra/i3/0/TB2nD.VX9CWBuNjy0FhXXb6EVXa_!!0-rate.jpg_400x400.jpg","fileId":1301006199337239107,"receiveId":340819946242,"status":1},{"thumbnail":"//img.alicdn.com/imgextra/i4/0/TB2aUI2X21TBuNjy0FjXXajyXXa_!!0-rate.jpg_40x40.jpg","url":"//img.alicdn.com/imgextra/i4/0/TB2aUI2X21TBuNjy0FjXXajyXXa_!!0-rate.jpg_400x400.jpg","fileId":1301006199931229096,"receiveId":340819946242,"status":1}],"content":"很好用！"},"status":0},{"date":"2018年02月13日 14:00","shareInfo":{"lastReplyTime":"","share":false,"pic":0,"reply":0,"userNumIdBase64":""},"showDepositIcon":false,"o2oRate":null,"mainTradeId":0,"raterType":0,"validscore":1,"video":null,"photos":[{"thumbnail":"//img.alicdn.com/imgextra/i4/0/TB2uUVFahWYBuNjy1zkXXXGGpXa_!!0-rate.jpg_40x40.jpg","url":"//img.alicdn.com/imgextra/i4/0/TB2uUVFahWYBuNjy1zkXXXGGpXa_!!0-rate.jpg_400x400.jpg","fileId":1720406199396311836,"receiveId":340914543000,"status":1},{"thumbnail":"//img.alicdn.com/imgextra/i1/0/TB2yQqpXvImBKNjSZFlXXc43FXa_!!0-rate.jpg_40x40.jpg","url":"//img.alicdn.com/imgextra/i1/0/TB2yQqpXvImBKNjSZFlXXc43FXa_!!0-rate.jpg_400x400.jpg","fileId":1720406199992957330,"receiveId":340914543000,"status":1}],"content":"包装完好，发货很快，白色的清爽。
2018年02月12日 16:40,b_blue_4,4366,颜色分类:黑色,挺好玩的，期待它的升级
2018年02月12日 20:00,b_blue_1,361,颜色分类:白色,买的第二个，很好很不错。
2018年02月07日 19:15,b_blue_1,253,颜色分类:黑色,宝贝非常好，客服服务很周到
2018年02月04日 15:00,b_red_3,58,,评价方未及时做出评价,系统默认好评!
2018年02月12日 08:13,b_blue_3,1840,颜色分类:白色,特别好，用的很舒服"}],"buyAmount":0,"showCuIcon":false,"serviceRate":null,"useful":0,"user":{"nick":"z***6","vipLevel":0,"displayRatePic":"b_red_3.gif","nickUrl":"","anony":true,"rank":58,"avatar":"//assets.alicdn.com/app/sns/img/default/avatar-40.png","vip":"","userId":"","rankUrl":""},"append":{"vicious":"","appendId":340373676301,"show":true,"videos":[],"reply":null,"dayAfterConfirm":18,"photos":[],"content":"特别好，用的很舒服"},"status":0},{"date":"2018年02月12日 08:13","shareInfo":{"lastReplyTime":"","share":false,"pic":0,"reply":0,"userNumIdBase64":""},"showDepositIcon":false,"o2oRate":null,"mainTradeId":0,"raterType":0,"validscore":1,"video":null,"photos":[],"content":"很好用，客户很满意
2018年02月01日 14:01,b_blue_1,341,颜色分类:黑色,和想的一样
2018年02月10日 11:14,b_blue_3,1721,颜色分类:白色,目前感觉还不错
2018年02月07日 16:51,b_blue_1,474,颜色分类:白色,第二次买了，好
2018年02月07日 15:25,b_red_5,209,颜色分类:白色,不错，是正品，反映挺快的，内容也很丰富
2018年02月10日 14:26,b_blue_3,1379,颜色分类:白色,一波三折，客服有待提升素质
2018年02月09日 14:43,b_red_4,105,颜色分类:黑色,哇，好评好评！赞赞赞，希望店家生意兴隆
2018年02月11日 20:05,b_red_4,103,颜色分类:白色,好，以后还来买
2018年02月10日 17:59,b_red_2,35,颜色分类:黑色,因为物品给力，又追加了一台，祝天猫精灵大卖，店家发货速度，效率很高，服务很好
2018年02月11日 18:48,b_red_5,156,颜色分类:白色,不错的东东，好东西
2018年02月08日 16:36,b_red_3,59,颜色分类:白色,东西很好说话也很温柔
2018年02月10日 10:35,b_blue_1,335,颜色分类:白色,非常好用，很喜欢，音质不错。赞一个
2018年02月12日 19:02,b_blue_2,903,颜色分类:白色,物流超快，产品体验很不错
2018年02月17日 20:12,b_blue_2,979,颜色分类:黑色,功能不够多
2018年02月03日 19:43,b_red_5,241,颜色分类:白色,收到货了，很漂亮，具体功能再摸索之中！
2018年02月18日 18:41,b_blue_2,609,颜色分类:黑色,非常满意
2018年02月09日 03:31,b_blue_3,1592,颜色分类:白色,一如既往的好
2018年02月09日 11:26,b_red_5,158,颜色分类:白色,还是很不错的！
2018年02月09日 00:07,b_blue_4,2937,颜色分类:白色,挺好的。小孩很喜欢
2018年02月01日 20:39,b_blue_3,1057,颜色分类:黑色,全新正品，发货及时，服务热情，体验满意。
2018年02月10日 23:07,b_red_4,145,颜色分类:黑色,提高了逼格
2018年02月06日 16:39,b_blue_1,338,颜色分类:黑色,这个东西 非常好用，双十一的时候就买了个白的，感觉很棒，这不就又买了一个黑的。比来比去就这家店性价比高。套餐也很多样 ，非常好的一次购物
2018年02月05日 17:36,b_red_4,103,颜色分类:白色,很好用，爸妈很喜欢，好评
2018年02月08日 07:41,b_blue_2,630,颜色分类:黑色,机器不错
2018年02月11日 21:20,b_blue_3,1184,颜色分类:黑色,看孩子神器，放假了在家没事干，整天拉着大人说个不停，把这个给他可以自己在房间里跟它聊上大半天，反应还比较灵敏，老人也很喜欢
2018年02月03日 15:07,b_blue_3,1856,颜色分类:黑色,不错，又买了一个送给外甥女
2018年02月13日 09:24,b_blue_3,1519,颜色分类:黑色,买了很多个了，这次是拿给公司抽奖的
2018年02月05日 12:34,b_blue_1,285,颜色分类:黑色,挺复杂的，可玩性很高
2018年02月12日 22:23,b_blue_2,530,颜色分类:黑色,非常不错，回答速度挺快！
2018年02月15日 13:27,b_red_3,58,颜色分类:黑色,里面没使用说明书?
2018年02月07日 18:12,b_blue_1,389,颜色分类:白色,使用中，很好，接收很灵敏
2018年02月10日 21:40,b_blue_1,428,颜色分类:白色,喜欢
2018年01月23日 13:09,b_blue_1,442,颜色分类:黑色,挺好用的"}],"buyAmount":1,"showCuIcon":true,"serviceRate":null,"useful":0,"user":{"nick":"虫***语","vipLevel":0,"displayRatePic":"b_blue_1.gif","nickUrl":"","anony":false,"rank":428,"avatar":"//wwc.alicdn.com/avatar/getAvatar.do?userIdStr=vGNuOHcWv88YXF-HPmvbMGQbvFcbPGl-MFNSMFkyvG7HPClhX8*IP0cWMGhhv0Q4&width=40&height=40&type=sns","vip":"","userId":"","rankUrl":""},"append":{"vicious":"","appendId":340724265113,"show":true,"videos":[],"reply":null,"dayAfterConfirm":2,"photos":[{"thumbnail":"//img.alicdn.com/imgextra/i1/0/TB2RUbqX4WYBuNjy1zkXXXGGpXa_!!0-rate.jpg_40x40.jpg","url":"//img.alicdn.com/imgextra/i1/0/TB2RUbqX4WYBuNjy1zkXXXGGpXa_!!0-rate.jpg_400x400.jpg","fileId":1644506199656489479,"receiveId":340724265113,"status":1}],"content":"挺好用的"},"status":0},{"date":"2018年01月23日 13:09","shareInfo":{"lastReplyTime":"","share":false,"pic":0,"reply":0,"userNumIdBase64":""},"showDepositIcon":false,"o2oRate":null,"mainTradeId":0,"raterType":0,"validscore":1,"video":null,"photos":[{"thumbnail":"//img.alicdn.com/imgextra/i4/0/TB26wwJn0fJ8KJjy0FeXXXKEXXa_!!0-rate.jpg_40x40.jpg","url":"//img.alicdn.com/imgextra/i4/0/TB26wwJn0fJ8KJjy0FeXXXKEXXa_!!0-rate.jpg_400x400.jpg","fileId":1376506194960595010,"receiveId":338702575823,"status":1},{"thumbnail":"//img.alicdn.com/imgextra/i4/0/TB2ff7Cn_TI8KJjSsphXXcFppXa_!!0-rate.jpg_40x40.jpg","url":"//img.alicdn.com/imgextra/i4/0/TB2ff7Cn_TI8KJjSsphXXcFppXa_!!0-rate.jpg_400x400.jpg","fileId":1376506195767702148,"receiveId":338702575823,"status":1},{"thumbnail":"//img.alicdn.com/imgextra/i4/0/TB2AVx3onvI8KJjSspjXXcgjXXa_!!0-rate.jpg_40x40.jpg","url":"//img.alicdn.com/imgextra/i4/0/TB2AVx3onvI8KJjSspjXXcgjXXa_!!0-rate.jpg_400x400.jpg","fileId":1376506196080957343,"receiveId":338702575823,"status":1},{"thumbnail":"//img.alicdn.com/imgextra/i4/0/TB2Euo_n3nH8KJjSspcXXb3QFXa_!!0-rate.jpg_40x40.jpg","url":"//img.alicdn.com/imgextra/i4/0/TB2Euo_n3nH8KJjSspcXXb3QFXa_!!0-rate.jpg_400x400.jpg","fileId":1376506196095354231,"receiveId":338702575823,"status":1}],"content":"买回来孩子很喜欢，很新奇。可以放音乐、讲故事。其他功能还在摸索中。唯一担心接受声音的地方在顶上，容易进灰尘。用久了，有灰尘会不会影响
2018年02月05日 12:30,b_red_4,98,颜色分类:黑色,天猫精灵，语音，挺灵的
2018年02月03日 15:42,b_blue_1,336,颜色分类:黑色,是礼物呢，很及时
2018年02月01日 12:04,b_red_2,28,颜色分类:白色,宝贝很不错  商家服务态度也非常好  我表示非常满意
2018年02月08日 11:26,b_blue_4,2646,颜色分类:白色,质量不错！
2018年01月28日 14:59,b_blue_1,376,颜色分类:黑色,功能很强大，跟介绍的一样，声音识别率很高，搜歌也很快，家人都很喜欢。套件选择了黑豆智能遥控器，现在已经把家里的电视空调都连上了。很期待功能的进一步开发，能链接更多的智能家电。
2018年02月05日 20:06,b_red_5,203,颜色分类:黑色,东西真不错，价格也实惠，还送了很实用的黑豆红外遥控，很推荐这款智能音响&hellip;
2018年02月03日 10:56,b_blue_2,949,颜色分类:黑色,操作方便，小巧不占地方，赞
2018年02月09日 15:50,b_blue_3,1851,颜色分类:黑色,年会抽奖礼品，很受欢迎，很好。
2018年02月03日 12:10,b_blue_1,261,颜色分类:白色,收到了，全新未拆，要送礼的就不打开了，好评
2018年02月05日 17:12,b_blue_1,418,颜色分类:白色,音响比现象的好
2018年02月03日 15:44,b_blue_1,336,颜色分类:黑色,买了送人，很好，大家都很开心
2018年01月27日 17:19,b_blue_1,417,颜色分类:黑色,试用了几天才来评价的，真的挺适合全家人用的智能小音箱。孩子也能少玩电子游戏，可以认真地听故事了。想听广播对她说下就可以了，想听的歌和想听的小说对她说就可以了，真的很方便。希望能增加更多功能，另外放的故事能从第一集开始么？
2018年02月05日 11:49,b_blue_2,668,颜色分类:白色,给父母买的，买回家后，父母很喜欢，听歌、查询不用电脑了。还有什么功能在摸索中。值得购买。
2018年02月01日 21:17,b_red_5,192,颜色分类:黑色,产品很好? 很满意  给好5星好评。
2018年02月06日 11:28,b_blue_2,776,颜色分类:黑色,很好很灵敏
2018年02月06日 15:05,b_blue_1,437,颜色分类:黑色,挺智能的，能讲故事会唱歌，还能播天气预报，老少皆宜
2018年02月05日 08:47,b_blue_2,600,颜色分类:白色,买了两个白色的，听了很多歌曲，音质不错，孩子们都非常喜欢。
2018年02月07日 16:18,b_blue_3,1292,颜色分类:黑色,又买了一个
2018年02月07日 12:36,b_blue_1,463,颜色分类:黑色,不错，挺好。
2018年02月05日 02:40,b_blue_2,628,颜色分类:白色,很不错，这是第二台了。
2018年02月03日 15:41,b_blue_1,336,颜色分类:黑色,宝贝喜欢，很好
2018年02月03日 15:07,b_red_5,234,颜色分类:黑色,在同学家看到的，果断买了。谢谢店小二，认真专业，价格也比其他店家便宜。希望天猫将来能添加更多的正版音频到库里就更好了。
2018年01月29日 18:45,b_blue_1,477,颜色分类:黑色,天猫精灵真的很好！大人孩子都可以用，可以点唱歌，可以听点评书，可以点电子书&hellip;&hellip;&hellip;&hellip;音响效果真的很赞!家里有了这个热闹很多(⊙o⊙)哦
2018年02月04日 16:33,b_blue_3,1354,颜色分类:白色,当天买，次日上午就收到。用了几天，非常喜欢。音质很好，期待不断更新，赞赞赞赞
2018年02月12日 10:17,b_blue_1,422,颜色分类:黑色,用了好几天了。感觉一直良好。给个赞！！"}],"buyAmount":1,"showCuIcon":true,"serviceRate":null,"useful":0,"user":{"nick":"甘***灵","vipLevel":0,"displayRatePic":"b_blue_3.gif","nickUrl":"","anony":false,"rank":1354,"avatar":"//wwc.alicdn.com/avatar/getAvatar.do?userIdStr=vGNuOHcWv88YXF-HPmvbMGH0vFvyPGZHOFkuPCguPCh-MF8bMGM-vFgGMCvyMF8u&width=40&height=40&type=sns","vip":"","userId":"","rankUrl":""},"append":{"vicious":"","appendId":340679386838,"show":true,"videos":[],"reply":null,"dayAfterConfirm":6,"photos":[],"content":"用了好几天了。感觉一直良好。给个赞！！"},"status":0},{"date":"2018年02月12日 10:17","shareInfo":{"lastReplyTime":"","share":false,"pic":0,"reply":0,"userNumIdBase64":""},"showDepositIcon":false,"o2oRate":null,"mainTradeId":0,"raterType":0,"validscore":1,"video":null,"photos":[],"content":"好东西，很喜欢
2018年02月09日 09:14,b_blue_3,1400,颜色分类:黑色,很好，又买了10个
2018年02月09日 22:14,b_blue_4,2773,颜色分类:白色,好用，是正品
2018年02月04日 17:15,b_blue_2,680,颜色分类:黑色,非常好，很喜欢挺实用的。和想象的差不多，很给力的一个小东西
2018年02月04日 18:59,b_blue_4,4150,颜色分类:白色,不错，挺好玩的。
2018年02月10日 23:29,b_blue_2,585,颜色分类:白色,很好，很漂亮
2018年02月01日 21:39,b_red_5,185,颜色分类:黑色,好方便，好好用！很强大！
2018年01月28日 12:50,b_blue_2,537,,很好用！很强大！颜值担当！"}],"buyAmount":1,"showCuIcon":true,"serviceRate":null,"useful":0,"user":{"nick":"x***1","vipLevel":6,"displayRatePic":"b_red_5.gif","nickUrl":"","anony":true,"rank":185,"avatar":"//assets.alicdn.com/app/sns/img/default/avatar-40.png","vip":"b_red_1.gif","userId":"","rankUrl":""},"append":{"vicious":"","appendId":339776215872,"show":true,"videos":[],"reply":null,"dayAfterConfirm":0,"photos":[{"thumbnail":"//img.alicdn.com/imgextra/i4/0/TB2f7VmXkZmBKNjSZPiXXXFNVXa_!!0-rate.jpg_40x40.jpg","url":"//img.alicdn.com/imgextra/i4/0/TB2f7VmXkZmBKNjSZPiXXXFNVXa_!!0-rate.jpg_400x400.jpg","fileId":1166706198557316070,"receiveId":339776215872,"status":1}],"content":"很好用！很强大！颜值担当！"},"status":0},{"date":"2018年01月28日 12:50","shareInfo":{"lastReplyTime":"","share":false,"pic":0,"reply":0,"userNumIdBase64":""},"showDepositIcon":false,"o2oRate":null,"mainTradeId":0,"raterType":0,"validscore":1,"video":null,"photos":[],"content":"评价方未及时做出评价,系统默认好评!
2018年01月27日 14:09,b_blue_1,337,颜色分类:黑色,人机互动新产品不错。省了手写程序，就像一个小机器人。"}],"buyAmount":0,"showCuIcon":false,"serviceRate":null,"useful":0,"user":{"nick":"u***l","vipLevel":6,"displayRatePic":"b_blue_2.gif","nickUrl":"","anony":true,"rank":537,"avatar":"//assets.alicdn.com/app/sns/img/default/avatar-40.png","vip":"b_red_1.gif","userId":"","rankUrl":""},"append":{"vicious":"","appendId":339798917432,"show":true,"videos":[],"reply":null,"dayAfterConfirm":20,"photos":[],"content":"人机互动新产品不错。省了手写程序，就像一个小机器人。"},"status":0},{"date":"2018年01月27日 14:09","shareInfo":{"lastReplyTime":"","share":false,"pic":0,"reply":0,"userNumIdBase64":""},"showDepositIcon":false,"o2oRate":null,"mainTradeId":0,"raterType":0,"validscore":1,"video":null,"photos":[{"thumbnail":"//img.alicdn.com/imgextra/i4/0/TB231yDoMnH8KJjSspcXXb3QFXa_!!0-rate.jpg_40x40.jpg","url":"//img.alicdn.com/imgextra/i4/0/TB231yDoMnH8KJjSspcXXb3QFXa_!!0-rate.jpg_400x400.jpg","fileId":1541006196152145204,"receiveId":339159040143,"status":1},{"thumbnail":"//img.alicdn.com/imgextra/i1/0/TB27dLHoTnI8KJjy0FfXXcdoVXa_!!0-rate.jpg_40x40.jpg","url":"//img.alicdn.com/imgextra/i1/0/TB27dLHoTnI8KJjy0FfXXcdoVXa_!!0-rate.jpg_400x400.jpg","fileId":1541006196622021415,"receiveId":339159040143,"status":1},{"thumbnail":"//img.alicdn.com/imgextra/i4/0/TB2w5X9oTTI8KJjSsphXXcFppXa_!!0-rate.jpg_40x40.jpg","url":"//img.alicdn.com/imgextra/i4/0/TB2w5X9oTTI8KJjSsphXXcFppXa_!!0-rate.jpg_400x400.jpg","fileId":1541006197087302485,"receiveId":339159040143,"status":1},{"thumbnail":"//img.alicdn.com/imgextra/i1/0/TB2Bv8SoSYH8KJjSspdXXcRgVXa_!!0-rate.jpg_40x40.jpg","url":"//img.alicdn.com/imgextra/i1/0/TB2Bv8SoSYH8KJjSspdXXcRgVXa_!!0-rate.jpg_400x400.jpg","fileId":1541006197855838401,"receiveId":339159040143,"status":1}],"content":"物流非常快，妈妈给孙女买的礼物。给孩子放儿歌用的，目前正在使用中，感觉音质可以，反应灵敏。
2018年02月12日 18:38,b_blue_3,1086,颜色分类:白色,此用户没有填写评价。
2018年02月04日 22:28,b_red_5,191,颜色分类:黑色,配合黑豆，空调能控制，电视不行，不知道怎么弄"}],"buyAmount":1,"showCuIcon":true,"serviceRate":null,"useful":0,"user":{"nick":"s***3","vipLevel":0,"displayRatePic":"b_blue_3.gif","nickUrl":"","anony":false,"rank":1086,"avatar":"//wwc.alicdn.com/avatar/getAvatar.do?userIdStr=vGNuOHcWv88YXF-HPmvbMG*HXFkWMkxYPFxuv8gSXFxWvG-eXmleX8cyXFvSPFPI&width=40&height=40&type=sns","vip":"","userId":"","rankUrl":""},"append":{"vicious":"","appendId":340928594584,"show":true,"videos":[],"reply":null,"dayAfterConfirm":1,"photos":[],"content":"配合黑豆，空调能控制，电视不行，不知道怎么弄"},"status":0},{"date":"2018年02月04日 22:28","shareInfo":{"lastReplyTime":"","share":false,"pic":0,"reply":0,"userNumIdBase64":""},"showDepositIcon":false,"o2oRate":null,"mainTradeId":0,"raterType":0,"validscore":1,"video":null,"photos":[{"thumbnail":"//img.alicdn.com/imgextra/i1/0/TB23Rq5Xb3nBKNjSZFMXXaUSFXa_!!0-rate.jpg_40x40.jpg","url":"//img.alicdn.com/imgextra/i1/0/TB23Rq5Xb3nBKNjSZFMXXaUSFXa_!!0-rate.jpg_400x400.jpg","fileId":1226806199142778852,"receiveId":340093770568,"status":1}],"content":"挺好的。也很智能
2018年02月06日 15:55,b_red_2,27,颜色分类:白色,很好的东西，给老人买的，很孤独的生活有了乐趣。
2018年02月06日 07:58,b_blue_2,882,颜色分类:白色,和描述完全一致使用非常舒服如果再稍加长一点就会更好谢谢
2018年02月01日 12:49,b_blue_2,626,颜色分类:黑色,送人的店家服务挺好
2018年02月03日 15:37,b_blue_1,336,颜色分类:黑色,真的很棒啊，喜欢的
2018年02月04日 02:25,b_red_3,76,颜色分类:黑色,送给朋友的，她挺喜欢，总的还行，给个赞
2018年02月05日 22:23,b_red_4,124,颜色分类:黑色,儿子很高兴，不停的提问题，天猫精灵快给他累死了，产品不错
2018年02月07日 18:37,b_blue_1,290,颜色分类:黑色,很好，很不错！
2018年01月28日 13:00,b_red_4,138,颜色分类:黑色,东西刚到就试了一下，很满意蛮不错的，刚好现在又有活动建议买一个过年回去送送孩子。
2018年01月23日 10:27,b_blue_3,1371,颜色分类:黑色,非常不错的智能产品，一次买了5个，送给朋友都用的不错～无厘头的对话实在搞笑，家里的电器如果都是智能化，都可以被它控制～～
2018年01月30日 22:53,b_red_5,229,颜色分类:白色,过了这么久才来评论，让卖家催促了，不好意思了。非常不错的宝贝，应该是老少皆宜吧，很智能，孩子非常喜欢，就像有个人给看孩子一样，推荐有孩子的家庭购入。
2018年01月22日 11:24,b_blue_3,1467,颜色分类:黑色,很真实很新鲜的体验，语音识别度高，反应快，开始还以为那些是广告效果，就买个来试试的心态，果然不错，不过如果可以识别多地语言，那就更智能了
2018年02月12日 20:47,b_blue_1,443,颜色分类:白色,发货很快，东西很好。
2018年02月04日 17:47,b_blue_1,264,颜色分类:白色,宝贝好，孙女喜欢，介绍朋友们也买了
2018年02月04日 07:39,b_red_2,29,颜色分类:白色,很好用，给宝宝放音乐儿歌，诗词。
2018年02月05日 20:07,b_red_5,197,颜色分类:白色,很好，很喜欢，感谢卖家
2018年02月05日 15:11,b_blue_1,374,颜色分类:黑色,东西很好，正品
2018年01月29日 08:04,b_blue_1,334,颜色分类:黑色,正在使用中，我也要学习互相配合。音质还可以，语音指令也多数准确。这个价格买一个还是值得的。
2018年02月05日 08:54,b_red_5,195,颜色分类:黑色,非常好的宝贝，值得拥有
2018年02月01日 06:43,b_blue_2,760,颜色分类:黑色,一次买了四个、送给亲戚的、孩子们很喜欢。
2018年01月22日 12:16,b_blue_1,459,颜色分类:黑色,买了两台黑色，前几天买了一台白色自己用，这次送人，很智能非常好
2018年02月03日 12:54,b_blue_2,574,颜色分类:黑色,年会礼品最佳选择，买了8台，质量没得说?
2018年01月26日 20:11,b_blue_1,317,颜色分类:黑色,天猫精灵很好用，简直是一个我们家的小管家，吃饭时叫她来一首轻音乐，美滋滋的，也分享了2位朋友，哈哈哈，好东西齐分享，有朋友需要我会继续分享??
2018年02月13日 09:10,b_blue_2,915,颜色分类:黑色,玩了几天，还挺不错，就是音乐有好多都没有版权，放不出来。
2018年01月29日 22:20,b_red_4,118,颜色分类:白色,天猫，精灵真是个宝贝，想听什么歌就是什么歌，查快递收天气预报闹铃，真是太棒了，帮你算账，世上没有不能干的事情，他都能干，真是神啊，真是神。好东西，商家服务态度也好，一开始不知道他们细心指导，很快就有掌握了全部，小音箱音质也很好，想买的朋友赶快下手吧！好评，全五分
2018年01月20日 12:31,b_blue_1,487,颜色分类:黑色,刚到货就迫不及待的拆开，装上试了一下。果然像介绍的一样，音乐，天气之类的一样不缺。让做什么就做什么。真心好赞！！！
2018年02月05日 16:48,b_red_5,239,颜色分类:黑色,买来送人的，朋友蛮喜欢的，觉得很新奇
2018年02月01日 08:27,b_blue_2,533,颜色分类:白色,给儿子的生日礼物，非常喜欢上，但是儿子问的好多问题，天猫都回答不了，哈
2018年01月15日 18:37,b_cap_1,11065,颜色分类:黑色,全新正品，价格优惠，发货很快。反应很灵敏。
