ERJ-2RKF33R2X|Panasonic Electronic Components|150000|10000|$0.0833|150000|$0.0769
ABM8G-24.000MHZ-18-D2Y-T|Abracon Corporation|140260|1000|$1.0900|140260|$1.0100
NR4018T100M|TAIYO YUDEN|35000|3500|$0.2000|35000|$0.1846
MC68302EH16C|NXP Semiconductors|111|36|$57.2500|111|$52.8500
MC68332ACEH16|NXP Semiconductors|1370|180|$42.9500|1370|$39.6500
MC68340AB16E|NXP Semiconductors|192|24|$53.2200|192|$49.1200
MAX9034AUD+T|Maxim Integrated Products|2500|2500|$1.4100
MAX3081EESA+|Maxim Integrated Products|200|100|$5.1800|200|$4.7800
TNPW040275K0BEED|Vishay BCcomponents|20000|10000|$0.1457|20000|$0.1345
SML-210VTT86|ROHM SEMICONDUCTOR|15000|3000|$0.1163|15000|$0.1074
NTB0102GT,115|NXP Semiconductors|3750|477|$0.3500|3750|$0.3231
MCIMX283DVM4BR2|NXP Semiconductors|1000|1000|$12.9800
L79L05ABZ-AP|STMicroelectronics|24000|2000|$0.1237|24000|$0.1142
HCM0703-2R2-R|Eaton Bussmann|3000|1500|$1.6000|3000|$1.4800
1-962842-1|TE Connectivity Ltd|3500|3500|$0.1000
770835-1|TE Connectivity Ltd|120000|10000|$0.0410|120000|$0.0378
BZT52H-C11,115|Nexperia|51000|9000|$0.0234
EKY-500ELL100ME11D|United Chemi-Con Inc|11640|3000|$0.0907|11640|$0.0837
NRC04J472TRF|NIC COMPONENTS CORP|970000|50000|$0.0033|970000|$0.0031
NRC12F4990TRF|NIC COMPONENTS CORP|105000|15000|$0.0113|105000|$0.0104
SMTPA100|STMicroelectronics|5000|2500|$0.5667|5000|$0.5231
160173-2|TE Connectivity Ltd|40000|10000|$0.0775|40000|$0.0715
RB160VA-40TR|ROHM SEMICONDUCTOR|6000|3000|$0.1917|6000|$0.1769
ABM3B-10.000MHZ-10-1-U-T|Abracon Corporation|4960|1000|$5.7300|4960|$5.2900
L9779WD-SPI-TR|STMicroelectronics|500|500|$11.1800
ABM3B-12.000MHZ-10-1-U-T|Abracon Corporation|7000|1000|$0.9833|7000|$0.9077
LPC1114FBD48/303,1|NXP Semiconductors|500|250|$2.5700|500|$2.3700
LPC1114FHN33/301,5|NXP Semiconductors|1176|260|$2.4000|1176|$2.2200
LPC11E67JBD48E|NXP Semiconductors|1000|250|$3.9300|1000|$3.6300
LPC11U14FBD48/201,|NXP Semiconductors|500|250|$2.5300|500|$2.3400
LPC1754FBD80,551|NXP Semiconductors|2388|119|$7.1800|2388|$6.6300
LPC1765FBD100,551|NXP Semiconductors|32797|90|$8.7500|32797|$8.0800
LPC1768FBD100,551|NXP Semiconductors|35702|90|$10.5000|35702|$9.6900
LPC2387FBD100,551|NXP Semiconductors|19728|90|$15.1200|19728|$13.9500
LPC2388FBD144,551|NXP Semiconductors|4580|60|$17.2800|4580|$15.9500
LPC4088FBD208,551|NXP Semiconductors|72|36|$13.4000|72|$12.3700
TR-3216FF3-R|Eaton Bussmann|24000|3000|$0.6000|24000|$0.5538
RB550SS-30T2R|ROHM SEMICONDUCTOR|10784|8000|$0.3583|10784|$0.3308
RUR020N02TL|ROHM SEMICONDUCTOR|6000|3000|$0.2033|6000|$0.1877
S9KEAZ64ACLH|NXP Semiconductors|2080|160|$2.6800|2080|$2.4800
L6506D013TR|STMicroelectronics|2000|1000|$2.5700|2000|$2.3700
L6506D|STMicroelectronics|1140|80|$3.4500|1140|$3.1800
1909763-1|TE Connectivity Ltd|65000|5000|$0.3217|65000|$0.2969
35108|TE Connectivity Ltd|5490|500|$0.4000|5490|$0.3692
MAX3222EAP+T|Maxim Integrated Products|4000|2000|$5.6200|4000|$5.1800
ABLS2-6.000MHZ-D4Y-T|Abracon Corporation|3000|1000|$0.3833|3000|$0.3538
PCA9535PW,118|NXP Semiconductors|12500|2500|$1.2800|12500|$1.1800
PCA9633DP1,118|NXP Semiconductors|10000|2500|$0.8750|10000|$0.8077
PCA9634PW,118|NXP Semiconductors|15000|2500|$1.0800|15000|$1.0000
PCF2129AT/2,518|NXP Semiconductors|14000|2000|$2.3500|14000|$2.1700
PCF8563T/5,518|NXP Semiconductors|205215|2500|$1.0900|205215|$1.0100
PCF8576CT/1,518|NXP Semiconductors|27000|500|$1.7200|27000|$1.5800
PN5180A0ET/C1QL|NXP Semiconductors|980|490|$6.4500|980|$5.9500
EEU-FC1V331|Panasonic Electronic Components|15456|600|$0.3917|15456|$0.3615
EEU-FC1V331B|Panasonic Electronic Components|6000|500|$0.3667|6000|$0.3385
PCA9537DP,118|NXP Semiconductors|2500|2500|$0.8500
PCA9548ABS,118|NXP Semiconductors|54000|6000|$1.3800|54000|$1.2800
PCA9551D,118|NXP Semiconductors|5000|2500|$1.4900|5000|$1.3800
PCA9554AD,118|NXP Semiconductors|1000|1000|$1.1200
PCA9685PW,112|NXP Semiconductors|5058|102|$2.6000|5058|$2.4000
AT25128B-SSHL-B|Microchip Technology Inc|23426|200|$1.3100|23426|$1.2100
AT25128B-SSHL-T|Microchip Technology Inc|12000|4000|$0.9083|12000|$0.8385
MK20DN512VLK10|NXP Semiconductors|192|96|$10.2800|192|$9.4900
MK22FX512VLQ12|NXP Semiconductors|3180|60|$12.1500|3180|$11.2200
IHLP3232CZER3R3M01|Vishay Dale|2000|1000|$1.0100|2000|$0.9308
MC74HC03ADTR2G|ON SEMICONDUCTOR|2500|2500|$0.1605
ERJ-3EKF1300V|Panasonic Electronic Components|35000|5000|$0.0833|35000|$0.0769
ERJ-3EKF1602V|Panasonic Electronic Components|110000|5000|$0.0833|110000|$0.0769
INA129UA/2K5|Texas Instruments|5000|2500|$12.6800|5000|$11.7100
47649-000LF|AMPHENOL FCI|10000|10000|$0.0813
HLMP-D150A|Everlight Electronics Co Ltd|8400|1150|$0.1470|8400|$0.1357
ECQ-E2474KF|Panasonic Electronic Components|20|800|$0.2250|1900|$0.2077
ABM7-24.000MHZ-D2Y-T|Abracon Corporation|133706|1000|$1.2000|133706|$1.1100
EEH-ZA1J220XP|Panasonic Electronic Components|1800|900|$1.2200|1800|$1.1300
ERJ-3EKF3901V|Panasonic Electronic Components|40000|5000|$0.0833|40000|$0.0769
74AHC1G08GW,125|Nexperia|501000|3000|$0.1080|501000|$0.0997
74AHC1G32GW,125|Nexperia|21000|6000|$0.0555|21000|$0.0512
ERA-3AEB152V|Panasonic Electronic Components|10000|5000|$0.0687|10000|$0.0634
RB551V-30TE-17|ROHM SEMICONDUCTOR|12000|3000|$0.0833|12000|$0.0769
RHU002N06T106|ROHM SEMICONDUCTOR|6000|3000|$0.0660|6000|$0.0609
EEC-F5R5H105N|Panasonic Electronic Components|200|100|$10.9200|200|$10.0800
EEE-1EA3R3NR|Panasonic Electronic Components|12000|2000|$0.1000
SR-5-2A-AP|Eaton Bussmann|4000|1000|$0.9667|4000|$0.8923
FP1007R3-R22-R|Eaton Bussmann|2600|650|$1.3700|2600|$1.2600
AS6C8016-55ZIN|Alliance Memory Inc|179|135|$7.8500|179|$7.2500
BLM15BD102SN1D|Murata Manufacturing Co Ltd|330000|10000|$0.0322|450000|$0.0297
282087-1|TE Connectivity Ltd|251935|1300|$2.1800|251935|$2.0200
BD9G101G-TR|ROHM SEMICONDUCTOR|6000|3000|$0.8000|6000|$0.7385
PR03000204703JAC00|Vishay BCcomponents|500|1000|$0.2533
LM2676SX-3.3/NOPB|Texas Instruments|5000|500|$7.5000|5000|$6.9200
ABM3-12.000MHZ-D2Y-T|Abracon Corporation|194000|1000|$2.5700|194000|$2.3700
74LVC3G17DP,125|Nexperia|138000|3000|$0.3333|138000|$0.3077
CC3200R1M2RGCR|Texas Instruments|5000|2500|$8.1700|5000|$7.5400
MK60DN256VLL10|NXP Semiconductors|360|90|$9.9200|360|$9.1500
5530843-3|TE Connectivity Ltd|1880|540|$3.0700|1880|$2.8300
2231368-1|TE Connectivity Ltd|100|50|$71.3300|100|$65.8500
ERJ-12ZYJ510U|Panasonic Electronic Components|10000|5000|$0.0833|10000|$0.0769
104257-1|TE Connectivity Ltd|141206|500|$0.4167|141206|$0.3846
1-104257-1|TE Connectivity Ltd|10|500|$1.6300
LP2985AIM5-2.5/NOPB|Texas Instruments|47000|1000|$1.3300|47000|$1.2300
TJA1051TK/3,118|NXP Semiconductors|54000|6000|$0.6583|54000|$0.6077
BC547BTA|Fairchild Semiconductor Corporation|124000|4000|$0.0472|124000|$0.0435
BC556BTA|Fairchild Semiconductor Corporation|54000|4000|$0.0628|54000|$0.0580
FPF2495UCX|Fairchild Semiconductor Corporation|114000|3000|$0.5917|114000|$0.5462
BZV55-B18,115|Nexperia|670000|2500|$0.0733|670000|$0.0677
BZV55-B24,115|Nexperia|27500|5000|$0.0388|27500|$0.0358
BZV55-B2V4,115|Nexperia|95000|2500|$0.0733|95000|$0.0677
NCV7101SN1T1G|ON SEMICONDUCTOR|6000|3000|$0.9417|6000|$0.8692
NCV8402ASTT1G|ON Semiconductor|2000|1|$0.5000|100|$0.4620|500|$0.4000|1000|$0.3570|
NCV8664DT50RKG|ON SEMICONDUCTOR|5000|2500|$1.3500|5000|$1.2500
4-1734592-0|TE Connectivity Ltd|4000|2000|$0.8333|4000|$0.7692
BCV62C,215|Nexperia|195000|3000|$0.1338|195000|$0.1235
BCW30,215|Nexperia|198000|3000|$0.0612|198000|$0.0565
VSMY98545DS|Vishay Semiconductors|600|600|$4.2200
280360|TE Connectivity Ltd|2000|2000|$0.1062
280377-2|TE Connectivity Ltd|4500|1500|$0.6583|4500|$0.6077
207015-1|TE Connectivity Ltd|1600|800|$1.1200|1600|$1.0300
2-520183-4|TE Connectivity Ltd|2200|2200|$0.3167
6-520315-0|TE Connectivity Ltd|11880|540|$1.0000|11880|$0.9231
VS-30BQ100-M3/9AT|Vishay Semiconductors|280000|3500|$0.3033|280000|$0.2800
ERJ-3EKF5102V|Panasonic Electronic Components|60000|5000|$0.0833|60000|$0.0769
74AHC138D,118|Nexperia|15000|2500|$0.1180
6-1437657-9|TE Connectivity Ltd|1763|1600|$2.3000|1763|$2.1200
74LVC1G66GV,125|Nexperia|12000|3000|$0.0618|12000|$0.0571
74LVC273D,118|Nexperia|10000|2000|$0.2480
AZ1117CH-5.0TRG1|Diodes Incorporated|32000|4000|$0.0862|32000|$0.0795
74LVC541AD,118|Nexperia|6000|2000|$0.2583|6000|$0.2385
1-104479-0|TE Connectivity Ltd|30000|15000|$0.0915|30000|$0.0845
PMEG3010ER,115|Nexperia|51000|3000|$0.1883|51000|$0.1738
551MILFT|Integrated Device Technology Inc|12000|3000|$1.8200|12000|$1.6800
2-794954-0|TE Connectivity Ltd|1500|1000|$0.2833|1500|$0.2615
74HCT574PW,118|Nexperia|45000|2500|$0.1717|45000|$0.1585
74LVC125ABQ,115|Nexperia|6000|3000|$0.1410|6000|$0.1302
BZV55-B10,115|Nexperia|1470000|2500|$0.0733|1470000|$0.0677
KBU6J-E4/51|Vishay Semiconductors|1620|150|$0.8562|1100|$0.8059
KBU8J-E4/51|Vishay Semiconductors|46905|50|$15.9000|46905|$14.6800
LH1510AAB/TR|Vishay Intertechnologies|1000|1|$3.0000
S3B-E3/57T|Vishay Semiconductors|93500|850|$0.3917|93500|$0.3615
RS3B-E3/57T|Vishay Semiconductors|4250|850|$0.4000|4250|$0.3692
MURS320-E3/57T|Vishay Semiconductors|21250|850|$0.5750|21250|$0.5308
IHLP1616ABER2R2M11|Vishay Dale|24000|4000|$1.5600|24000|$1.4400
IHLP2020CZER2R2M01|Vishay Dale|2000|2000|$1.5300
IHLP3232CZERR22M01|Vishay Dale|3000|1000|$0.7200
IHLP4040DZER4R7M01|Vishay Dale|50000|500|$1.7000|50000|$1.5700
S1A-E3/61T|Vishay Semiconductors|196200|3600|$0.0600|196200|$0.0554
ES1A-E3/61T|Vishay Semiconductors|3600|1800|$0.2017|3600|$0.1862
SFH6106-3T|Vishay Intertechnologies|16000|1000|$0.2533|11000|$0.2338
SFH6106-4T|Vishay Semiconductors|25000|1000|$0.7500|25000|$0.6923
STM32F205RBT6|STMicroelectronics|30451|960|$8.3200|30451|$7.6800
STM32F207IGH6|STMicroelectronics|1890|168|$17.6700|1890|$16.3100
BAS16-HE3-08|Vishay Semiconductors|21000|6000|$0.0393|21000|$0.0363
BYV28-200-TAP|Vishay Semiconductors|22500|2500|$0.7583|22500|$0.7000
BZG03C16TR|Vishay Semiconductors|1500|1500|$0.1733
SMBJ18CA|Fairchild Semiconductor Corporation|48000|3000|$0.2750|48000|$0.2538
SMBJ18CA-TR|STMicroelectronics|375000|2500|$0.1950|375000|$0.1800
24LC1025-I/SM|Microchip Technology Inc|6080|90|$5.3800|6080|$4.9700
350764-4|TE Connectivity Ltd|450|150|$1.2500|450|$1.1500
SMCJ30CAHE3/57T|Vishay Semiconductors|1700|850|$1.4300|1700|$1.3200
5747845-6|TE Connectivity Ltd|1024|104|$7.7500|1024|$7.1500
5747847-4|TE Connectivity Ltd|28|15|$11.7700|28|$10.8600
5-1462000-1|TE Connectivity Ltd|1000|1000|$2.6700
RGF1M-E3/67A|Vishay Semiconductors|19500|1500|$0.2850|19500|$0.2631
AS393MTR-G1|Diodes Incorporated|96000|4000|$0.0925|96000|$0.0854
1-87175-2|TE Connectivity Ltd|100|56|$2.9800|100|$2.7500
1-640445-3|TE Connectivity Ltd|1056|500|$1.1900|1056|$1.1000
1-640456-2|TE Connectivity Ltd|3096|1000|$0.5417|3096|$0.5000
6469025-1|TE Connectivity Ltd|2488|20|$13.9300|2488|$12.8600
TS27L4IPT|STMicroelectronics|2500|686|$0.3417|2500|$0.3154
LPC11E68JBD64E|NXP Semiconductors|1120|160|$4.1500|1120|$3.8300
24LC128-I/SN|Microchip Technology Inc|32752|200|$1.0500|32752|$0.9692
SMAJ58CA|Littelfuse Inc|55000|5000|$0.2900|55000|$0.2677
SMAJ58CA-13-F|Diodes Incorporated|5000|5000|$0.0968
NCV51411DR2G|ON SEMICONDUCTOR|5000|2500|$2.3200|5000|$2.1400
282088-1|TE Connectivity Ltd|1453|500|$6.1800|1453|$5.7100
EEF-CX0J151XR|Panasonic Electronic Components|7000|3500|$1.0500|7000|$0.9692
HCPL2630SD|Fairchild Semiconductor Corporation|1000|1000|$1.7200
DS92LV010ATMX/NOPB|Texas Instruments|12500|2500|$2.7000|12500|$2.4900
NR6045T100M|TAIYO YUDEN|13500|1500|$0.2317|13500|$0.2138
SGL50N60RUFDTU|Fairchild Semiconductor Corporation|1713|375|$12.0800|1713|$11.1500
FDMC8015L|Fairchild Semiconductor Corporation|6000|3000|$0.5250|6000|$0.4846
FDMC86244|Fairchild Semiconductor Corporation|6000|3000|$0.5417|6000|$0.5000
ERJ-1TYJ110U|Panasonic Electronic Components|8000|4000|$0.1883|8000|$0.1738
MC9S08SH16MTG|NXP Semiconductors|192|96|$3.6300|192|$3.3500
MC9S12DP512CPVE|NXP Semiconductors|468|60|$37.0800|468|$34.2300
TJA1028T/5V0/20/1J|NXP Semiconductors|5000|2500|$0.8667|5000|$0.8000
A1006TL/TA1NXZ|NXP Semiconductors|8000|4000|$0.5667|8000|$0.5231
BAP64Q,125|NXP Semiconductors|3000|3000|$0.3500
BB201,215|NXP Semiconductors|12000|3000|$0.3833|12000|$0.3538
TDA8020HL/C2,118|NXP Semiconductors|4000|2000|$2.9000|4000|$2.6800
SMBJ20CA-13-F|Diodes Incorporated|9000|3000|$0.1582|9000|$0.1460
SMBJ20CA-TR|STMicroelectronics|130000|2500|$0.1867|130000|$0.1723
FDN358P|Fairchild Semiconductor Corporation|76|3000|$0.1967|144000|$0.1815
FDN359BN|Fairchild Semiconductor Corporation|30000|3000|$0.1657|30000|$0.1529
RS02B4R700FE70|Vishay Dale|400|33|$5.1300|400|$4.7400
VS-MUR3020WTPBF|Vishay Semiconductors|1416|75|$2.6700|1416|$2.4600
TFBS4711-TT1|Vishay Semiconductors|1000|1000|$3.5700
TLZ5V1B-GS08|Vishay Semiconductors|5000|5000|$0.0592
TZMC3V3-GS08|Vishay Semiconductors|127500|10000|$0.0168|127500|$0.0155
SMBJ150A-13-F|Diodes Incorporated|34800|3000|$0.2133|34800|$0.1969
STM8S105C6T6TR|STMicroelectronics|2400|1200|$2.4800|2400|$2.2900
BLE-IOT-GEVB|ON SEMICONDUCTOR|20|10|$105.4800|20|$97.3700
S3M|Fairchild Semiconductor Corporation|4377000|3000|$0.3833|4377000|$0.3538
EDR-FRS3MDC-S DC12V|ECE|500|3000|$0.3233|54000|$0.2985
S3M-TP|MISC|6|500|$5.3800|1000|$4.9700
RS3M-13-F|Diodes Incorporated|54000|500|$5.3500|1000|$4.9400
PDS1-S3-S3-M-TR|CUI INC|1000|16|$11.0000|113|$10.1500
PDS1-S5-S3-M-TR|CUI INC|1000|26|$17.2200|52|$15.8900
C2A-S3M500|HP WINNER|113|3|$70.0000|8|$64.6200
LIS3MDLTR|STMicroelectronics|40000|3|$60.0000|8|$55.3800
PQME3-D24-S3-M|CUI INC|52|26|$17.2200|52|$15.8900
PBM30-S3MC-B-P1|SUNS INTERNATIONAL|8|3000|$0.1733|48000|$0.1600
L4978|STMicroelectronics|316|50|$4.0800|316|$3.7700
L4978D013TR|STMicroelectronics|400|54|$3.1200|400|$2.8800
MAX4641EUA+T|Maxim Integrated Products|2500|2500|$2.0700
SMBJ7.5CA-E3/52|Vishay Semiconductors|93750|750|$0.3333|93750|$0.3077
SMBJ7.5CA-TP|MICRO COMMERCIAL COMPONENTS|6000|3000|$0.1523|6000|$0.1406
SMBJ75CA-13-F|Diodes Incorporated|42000|3000|$0.1542|42000|$0.1423
SMBJ7.5CA|Littelfuse Inc|87000|3000|$0.2583|87000|$0.2385
SMCJ28A|Fairchild Semiconductor Corporation|3000|3000|$0.2783
SMCJ28A-13-F|Diodes Incorporated|54000|3000|$0.2900|54000|$0.2677
SMCJ28A-TP|MICRO COMMERCIAL COMPONENTS|6000|3000|$0.3017|6000|$0.2785
SMCJ28A-E3/57T|Vishay Semiconductors|10200|850|$0.2733|10200|$0.2523
NSR20F40NXT5G|ON SEMICONDUCTOR|15000|5000|$0.2500|15000|$0.2308
TSOP75238TR|Vishay Semiconductors|4600|2300|$1.0700|4600|$0.9846
TZMC15-GS08|Vishay Semiconductors|202500|5000|$0.0480|202500|$0.0443
SMBJ6.0A-E3/52|Vishay Semiconductors|145500|750|$0.2433|145500|$0.2246
TFDU4301-TT3|Vishay Semiconductors|5000|2500|$6.0000|5000|$5.5400
TLMG1100-GS08|Vishay Semiconductors|375000|3000|$0.1683|375000|$0.1554
TSOP6238TT|Vishay Semiconductors|11900|1190|$0.9833|11900|$0.9077
TZMC13-GS08|Vishay Semiconductors|7500|10000|$0.0168
TZMC5V1-GS18|Vishay Semiconductors|90000|20000|$0.0166|90000|$0.0153
UF4004-E3/54|Vishay Semiconductors|104500|5500|$0.2483|104500|$0.2292
HCPL0637|Fairchild Semiconductor Corporation|560|62|$2.7200|560|$2.5100
HCPL2601|Fairchild Semiconductor Corporation|5911|150|$1.6200|5911|$1.4900
HCPL2630|Fairchild Semiconductor Corporation|41532|100|$2.0000|41532|$1.8500
HCPL2630SD|Fairchild Semiconductor Corporation|1000|1000|$1.7200
IHLP6767GZER4R7M11|Vishay Dale|1400|200|$3.4200
ILD206T|Vishay Semiconductors|78000|2000|$0.6417|78000|$0.5923
HLMP-1719|CML Innovative Technologies|45|4000|$0.0556
HLMP-1719QT|Hewlett Packard Co|30|1250|$0.1600|24186|$0.1477
S2EB-24V|Panasonic Electronic Components|334|50|$26.8000|334|$24.7400
ST1-DC5V-F|Panasonic Electronic Components|12|10|$17.3800|12|$16.0500
TQ2-6V|Panasonic Electronic Components|300|100|$2.7800|300|$2.5700
MPC855TVR50D4|NXP Semiconductors|44|44|$56.5500
AB0805-T3|Abracon Corporation|6000|3000|$1.2300|6000|$1.1400
ASDK2-32.768KHZ-LRT|Abracon Corporation|24000|1000|$3.1000|24000|$2.8600
EEU-FC1A332S|Panasonic Electronic Components|200|200|$0.8500
SMCJ33CA-13-F|Diodes Incorporated|72000|3000|$0.3317|72000|$0.3062
MXSMCJ33CA|Microsemi Corporation|40|7|$23.9500|40|$22.1100
MAX3430ESA+|Maxim Integrated Products|300|100|$8.2500|300|$7.6200
ERA-2AEB131X|Panasonic Electronic Components|5000|5000|$0.0923
ERA-3AEB104V|Panasonic Electronic Components|315000|5000|$0.0667|315000|$0.0615
VESD01-02V-G-08|Vishay Semiconductors|3000|3000|$0.1530
VESD08-02V-G-08|Vishay Semiconductors|6000|3000|$0.1185|6000|$0.1094
5-102203-5|TE Connectivity Ltd|1473|69|$3.5500|1473|$3.2800
MMBTH10LT1G|ON SEMICONDUCTOR|18000|6000|$0.0345|18000|$0.0318
UMT1NTN|ROHM SEMICONDUCTOR|135000|3000|$0.0802|135000|$0.0740
ETQ-P3M2R2YFP|Panasonic Electronic Components|4000|2000|$0.8667|4000|$0.8000
CRCW080575K0FKEA|Vishay BCcomponents|10000|5000|$0.0833|10000|$0.0769
PCA9617ADPJ|NXP Semiconductors|17500|2500|$0.7083|17500|$0.6538
PCA9617ATPZ|NXP Semiconductors|8000|4000|$0.9667|8000|$0.8923
LBEE5KL1DX-883|Murata Manufacturing Co Ltd|1531|1000|$21.2800|3618|$19.6500
SMCJ36A|Fairchild Semiconductor Corporation|6000|3000|$0.2817|6000|$0.2600
SMCJ36A|General Instrument|800|850|$0.5250|1700|$0.4846
PCA9515DP,118|NXP Semiconductors|10000|2500|$0.9667|10000|$0.8923
ERJ-3EKF6801V|Panasonic Electronic Components|205000|5000|$0.1333|205000|$0.1231
BZT52H-C75,115|Nexperia|330000|9000|$0.0230
1658525-4|TE Connectivity Ltd|810|90|$2.4000|810|$2.2200
ABLS-20.000MHZ-B2-T|Abracon Corporation|76000|1000|$0.4250|76000|$0.3923
ABLS2-16.000MHZ-D4Y-T|Abracon Corporation|19792|1000|$0.7000|19792|$0.6462
499252-2|TE Connectivity Ltd|15885|1000|$0.2333|15885|$0.2154
HLMP1503|Everlight Electronics Co Ltd|10336|2000|$0.1537|10336|$0.1418
HLMP1540|Everlight Electronics Co Ltd|23332|2000|$0.0995|23332|$0.0918
TR3B156K016C0800|Vishay Sprague|4000|2000|$0.7667|4000|$0.7077
ASFL1-50.000MHZ-EC-T|Abracon Corporation|2000|1000|$1.0700|2000|$0.9846
2-520181-2|TE Connectivity Ltd|671|2700|$0.1700|256500|$0.1569
BTS432E2E3062ABUMA1|Infineon Technologies AG|2000|1000|$3.5500|2000|$3.2800
DEMODISTANCE2GOTOBO1|Infineon Technologies AG|4|1|$625.0000|4|$576.9200
M39014/02-1415V|AVX Corporation|844|1|$1.5200|500|$1.3900
281695-4|TE Connectivity Ltd|500|500|$0.4583
61082-041402LF|AMPHENOL FCI|1600|800|$13.7200|1600|$12.6600
FIN3386MTDX|Fairchild Semiconductor Corporation|3000|1000|$3.3800|3000|$3.1200
BAT54S|ON SEMICONDUCTOR|153000|3000|$0.1003|69000|$0.0926
BAT54SCT|Zetex / Diodes Inc|237|10000|$0.0463
BAT54SFILM|STMicroelectronics|1308000|3000|$0.1733
BAT54ST-7-F|Diodes Incorporated|69000|6000|$0.0552|1536000|$0.0509
BAT54SQ-13|Diodes Incorporated|10000|10000|$0.0348|30000|$0.0322
SBAT54SLT1G|ON SEMICONDUCTOR|3000|3000|$0.1430|261000|$0.1320
BAT54S,215|Nexperia|1536000|1429|$0.1167|2080|$0.1077
BAT54S,235|Nexperia|30000|6000|$0.0433|261000|$0.0400
BAT54SDW-7-F|Diodes Incorporated|261000|6000|$0.0500|1875000|$0.0462
BAT54SFILMY|STMicroelectronics|2080|6000|$0.0358|27000|$0.0331
BAT54SLT1G|ON SEMICONDUCTOR|261000|6000|$0.0555|1350000|$0.0512
MAX31820MCR+|Maxim Integrated Products|780|70|$2.5800|780|$2.3800
NUD3105DMT1G|ON SEMICONDUCTOR|82233|3000|$0.4333|82233|$0.4000
NUD4700SNT1G|ON SEMICONDUCTOR|189000|3000|$0.3000|189000|$0.2769
LMV981TLX/NOPB|Texas Instruments|3000|3000|$2.5800
BZX384-C3V6,115|Nexperia|12000|3000|$0.7140
EEE-FK1E332AM|Panasonic Electronic Components|250|125|$2.0300|250|$1.8800
BC850CW,115|Nexperia|210000|9000|$0.0273|210000|$0.0252
LP2996MRX/NOPB|Texas Instruments|5000|2500|$2.5700|5000|$2.3700
TLE72593GEXUMA1|Infineon Technologies AG|5000|2500|$0.6583|5000|$0.6077
HF115FD/024-1Z3AF(257)|Xiamen Hongfa Electroacoustic Co.,Ltd.|38|1|$166.6700|38|$153.8500
TR-3216FF30-R|Eaton Bussmann|6000|3000|$1.1900|6000|$1.1000
L1SP-FRD0002000000|LUMILEDS|12548|1000|$2.5700|12548|$2.3700
UCD1V470MCL1GS|Nichicon Corporation|25000|1000|$0.1767|25000|$0.1631
ERA-3AEB3241V|Panasonic Electronic Components|20000|5000|$0.0663|20000|$0.0612
NMC1206X7R105K50TRPLPF|NIC COMPONENTS CORP|300000|2000|$0.4250|300000|$0.3923
ERZ-V05D390|Panasonic Electronic Components|1000|1000|$0.1900
EEU-FC1J221SB|Panasonic Electronic Components|1000|500|$0.5417|1000|$0.5000
EEU-FC1J681B|Panasonic Electronic Components|3750|250|$0.8000
EEU-FC1J681|Panasonic Electronic Components|11540|200|$0.9750|11540|$0.9000
LP2966IMM-1833/NOPB|Texas Instruments|2000|1000|$1.1800
LP2981AIM5-3.3/NOPB|Texas Instruments|1000|1000|$1.8000
FQD9N25TM|Fairchild Semiconductor Corporation|5000|2500|$0.5083|5000|$0.4692
FQP13N10|Fairchild Semiconductor Corporation|4120|1000|$0.5250|4120|$0.4846
926883-1|TE Connectivity Ltd|155000|5000|$0.0462|155000|$0.0426
USB5537B-5000AKZE|Microchip Technology Inc|336|168|$8.7700|336|$8.0900
L6225PD|STMicroelectronics|248|31|$6.4700|248|$5.9700
L6225PDTR|STMicroelectronics|3600|600|$5.3800|3600|$4.9700
2-320561-2|TE Connectivity Ltd|10000|5000|$0.2083|10000|$0.1923
31890|TE Connectivity Ltd|17774|633|$0.2633|17774|$0.2431
MF40202V2-1000U-A99|SUNON|28|16|$10.8800|28|$10.0500
L7805ABP|STMicroelectronics|6647|250|$0.7667|6647|$0.7077
ABLS-8.000MHZ-K4T|Abracon Corporation|28000|1000|$0.5583|28000|$0.5154
MCP23S18-E/SO|Microchip Technology Inc|136|81|$2.7000|136|$2.4900
20021111-00010T4LF|AMPHENOL FCI|1357|290|$0.5750|1357|$0.5308
TR-3216FF3-R|Eaton Bussmann|24000|3000|$0.6000|24000|$0.5538
ABLS-7.3728MHZ-B4-T|Abracon Corporation|2000|1000|$0.2933|2000|$0.2708
10TPB47M|Panasonic Electronic Components|26000|2000|$0.4833|26000|$0.4462
HSP061-8M16|STMicroelectronics|6000|3000|$0.8417|6000|$0.7769
ERJ-3EKF4023V|Panasonic Electronic Components|100|5000|$0.0833
ERJ-3EKF4320V|Panasonic Electronic Components|90000|5000|$0.0833|90000|$0.0769
HSMN-A100-P00J1|AVAGO TECHNOLOGIES|6000|2000|$0.5600
1445049-2|TE Connectivity Ltd|56142|705|$0.2367|56142|$0.2185
STM706RM6F|STMicroelectronics|9420|2500|$1.5000|9420|$1.3800
MAX4372TEUK+T|Maxim Integrated Products|2500|2500|$1.9300
MAX4376FAUK+T|Maxim Integrated Products|5000|2500|$1.9300|5000|$1.7800
DS1629S+T&R|Maxim Integrated Products|5000|2500|$6.5300|5000|$6.0300
ERJ-2GEJ152X|Panasonic Electronic Components|140000|10000|$0.0833|140000|$0.0769
EEU-FC1H561S|Panasonic Electronic Components|4100|300|$0.8400
EEE-FK1H330P|Panasonic Electronic Components|2000|1000|$0.2400|2000|$0.2215
EEE-HC1C471P|Panasonic Electronic Components|2000|500|$0.3833|2000|$0.3538
EEE-FKC151XAP|Panasonic Electronic Components|900|900|$0.2683
DRA74-101-R|Eaton Bussmann|2200|1100|$0.9583|2200|$0.8846
DRQ74-4R7-R|Eaton Bussmann|1780|1100|$2.4200|1780|$2.2300
ASE-20.000MHZ-LC-T|Abracon Corporation|778|82|$2.0500|778|$1.8900
1375820-5|TE Connectivity Ltd|34321|794|$0.2100|34321|$0.1938
10127716-12LF|AMPHENOL FCI|6000|3000|$0.1480|6000|$0.1366
10127721-061LF|AMPHENOL FCI|2790|1395|$0.4667|2790|$0.4308
2-34541-1|TE Connectivity Ltd|10000|5000|$0.1983|10000|$0.1831
AQV414|Panasonic Electronic Components|485|50|$4.9700|485|$4.5800
AQV414EHA|Panasonic Electronic Components|1|36|$4.7500|84|$4.3800
CRCW040220K0FKED|Vishay BCcomponents|90000|10000|$0.0833|90000|$0.0769
RS1PD-M3/84A|Vishay Semiconductors|9000|3000|$0.1967|9000|$0.1815
CL10C221JB8NNNC|Samsung Electro-Mechanics|4000|4000|$0.0593
CL21A226MOQNNNE|Samsung Electro-Mechanics|2000|2000|$0.7500
CL31B105KBHNNNE|Samsung Electro-Mechanics|4000|2000|$0.2317|4000|$0.2138
ABLS-12.000MHZ-B2-T|Abracon Corporation|316000|1000|$0.4167|316000|$0.3846
ABLS-4.9152MHZ-B2-T|Abracon Corporation|15000|1000|$0.4167|15000|$0.3846
TC4423COE713|Microchip Technology Inc|2000|1000|$2.0500|2000|$1.8900
ABM8-24.000MHZ-R60-D-1-W-T|Abracon Corporation|28000|1000|$1.0200|28000|$0.9462
TPS2421-2DDAR|Texas Instruments|5000|2500|$3.9700|5000|$3.6600
CRCW06035K10FKEA|Vishay BCcomponents|1475000|5000|$0.0833|1475000|$0.0769
CRCW06036K80FKEAC|Vishay BCcomponents|60000|30000|$0.0065|60000|$0.0060
NB3N2304NZDTR2G|ON SEMICONDUCTOR|10000|2500|$1.3900|10000|$1.2800
NCV1124DR2G|ON SEMICONDUCTOR|5000|2500|$1.6200|5000|$1.5000
S2EB-12V|Panasonic Electronic Components|320|50|$26.8000|320|$24.7400
293D475X9035D2TE3|Vishay Sprague|51000|500|$0.8833|51000|$0.8154
ELK-E103FA|Panasonic Electronic Components|1511|2000|$0.3917|62000|$0.3615
ELL-6UH220M|Panasonic Electronic Components|1000|1000|$0.4917
ELL-CTV100M|Panasonic Electronic Components|1000|500|$1.1900|1000|$1.1000
ERA-3AEB102V|Panasonic Electronic Components|340000|5000|$0.0667|340000|$0.0615
ERA-3AEB132V|Panasonic Electronic Components|10000|5000|$0.0663|10000|$0.0612
STM32L151RET6|STMicroelectronics|122|20|$8.4500|122|$7.8000
MAX202ECWE+T|Maxim Integrated Products|2000|1000|$4.6200|2000|$4.2600
AQY212GH|Panasonic Electronic Components|800|100|$8.5700|800|$7.9100
AQY212GHAX|Panasonic Electronic Components|2000|1000|$3.8300|2000|$3.5400
LM293P|Texas Instruments|5|4000|$0.2417
PBHV9115Z,115|Nexperia|1000|1000|$0.4000
CRCW060375R0FKEAC|Vishay BCcomponents|75000|35000|$0.0048|75000|$0.0044
MAX3095CSE+|Maxim Integrated Products|435|50|$6.5000|435|$6.0000
TMP75AIDGKR|Texas Instruments|10000|2500|$1.3800|10000|$1.2800
STM32F722VET6|STMicroelectronics|111|12|$15.0700|111|$13.9100
ERJ-1TRQFR47U|Panasonic Electronic Components|12000|4000|$0.5417|12000|$0.5000
25SVPF330M|Panasonic Electronic Components|8800|400|$1.2700|8800|$1.1700
2R5TPE470MC|Panasonic Electronic Components|6000|3000|$0.8667|6000|$0.8000
6TPH100MAEA|Panasonic Electronic Components|3000|3000|$0.6083
ELL-6SH6R8M|Panasonic Electronic Components|10000|2000|$0.5667|10000|$0.5231
NCP51200MNTXG|ON SEMICONDUCTOR|6000|3000|$0.5333|6000|$0.4923
PN5321A3HN/C106;55|NXP Semiconductors|12254|490|$11.9000|12254|$10.9800
BAT54WT1G|ON SEMICONDUCTOR|21000|3000|$0.0590|21000|$0.0545
NSVBAT54WT1G|ON SEMICONDUCTOR|3000|3000|$0.1657
BC807-40LT1G|ON SEMICONDUCTOR|2502000|9000|$0.0267|2502000|$0.0246
SBC807-40LT1G|ON SEMICONDUCTOR|33000|3000|$0.0598|33000|$0.0552
TPS54160ADGQR|Texas Instruments|42500|2500|$3.2500|60000|$2.7800
BFC237065103|Vishay Cera-Mite|1500|1500|$0.1128
TNPW0603100KBEEA|Vishay BCcomponents|25000|5000|$0.5333|25000|$0.4923
TNPW060330K1BEEA|Vishay BCcomponents|10000|5000|$0.1800|10000|$0.1662
AB38T-32.768KHZ|Abracon Corporation|41122|1000|$0.2250|41122|$0.2077
PCA9306DP,118|NXP Semiconductors|25000|2500|$0.4083|25000|$0.3769
PCA9507D,118|NXP Semiconductors|5000|2500|$1.0600|5000|$0.9769
PCA9516APW,118|NXP Semiconductors|12500|2500|$1.6000|12500|$1.4800
PCA9533DP/01,118|NXP Semiconductors|5000|2500|$1.2100|5000|$1.1200
3413.0330.22|Schurter Electronic Components|10|490|$6.2800|3430|$5.8000
PN5180A0HN/C2E|NXP Semiconductors|3430|1000|$0.4167|2000|$0.3846
3413.0224.22|Schurter Electronic Components|2000|5000|$0.3667|10000|$0.3385
3413.0008.24|Schurter Electronic Components|10000|1000|$0.4000|2000|$0.3692
3413.0221.22|Schurter Electronic Components|2000|1000|$0.4250|2000|$0.3923
3413.0328.22|Schurter Electronic Components|2000|1000|$0.5750|2000|$0.5308
3413.0009.22|Schurter Electronic Components|2000|1000|$0.3833|22000|$0.3538
3413.0121.22|Schurter Electronic Components|22000|300|$0.7417|1215|$0.6846
3413.0331.11|Schurter Electronic Components|1215|1000|$0.5333
61134-3|TE Connectivity Ltd|69730|50000|$0.1625|69730|$0.1500
NC7SZ125L6X|Fairchild Semiconductor Corporation|30000|5000|$0.1683|30000|$0.1554
NRVA4004T3G|ON SEMICONDUCTOR|175000|5000|$0.4250|175000|$0.3923
NRVB130LSFT1G|ON SEMICONDUCTOR|3000|3000|$0.5667
ARJE-0034|Abracon Corporation|2530|110|$4.7700|2530|$4.4000
MK60DN512VLL10|NXP Semiconductors|270|90|$11.2800|270|$10.4200
MK60DN512VLL10R|NXP Semiconductors|2000|1000|$12.0800|2000|$11.1500
EEE-HB1C100R|Panasonic Electronic Components|18000|2000|$0.1260|18000|$0.1163
EEE-TG1J100P|Panasonic Electronic Components|2000|1000|$0.3833|2000|$0.3538
CL10A106MA8NRNC|Samsung Electro-Mechanics|8000|4000|$0.7167|8000|$0.6615
CL10B103KA8NNNC|Samsung Electro-Mechanics|192000|4000|$0.0667|192000|$0.0615
ERJ-8GEYJ620V|Panasonic Electronic Components|40000|15000|$0.0127|40000|$0.0117
ERJ-8RQJR33V|Panasonic Electronic Components|10000|5000|$0.2033|10000|$0.1877
M24C64-DRDW3TP/K|STMicroelectronics|1600|176|$0.9500|1600|$0.8769
GRM32DR71E106KA12L|Murata Manufacturing Co Ltd|16000|1000|$1.2500|16000|$1.1500
YSTREAM-IT-RZ-V2|Renesas Electronics Corporation|1|1|$738.3300
OM27462CDKM|NXP Semiconductors|3|1|$414.7600
MNR15E0RPJ103|ROHM SEMICONDUCTOR|10000|5000|$0.2500|10000|$0.2308
LF347D|STMicroelectronics|4950|900|$0.1950|4950|$0.1800
LF347DT|STMicroelectronics|75000|2500|$0.3033|75000|$0.2800
ERA-3YEB102V|Panasonic Electronic Components|40|5000|$0.1555
ESE-22MH24|Panasonic Electronic Components|4000|4000|$0.4667
MCR18EZPJ3R3|ROHM SEMICONDUCTOR|80000|15000|$0.0150|80000|$0.0138
HCM498000000ABJT|Citizen Finedevice Co Ltd|251536|1000|$1.1000|251536|$1.0200
HCPL-0314-560E|Broadcom Limited|9000|1500|$1.2200
SM-PWM-01C|AMPHENOL ADVANCED SENSORS|69|17|$12.4800
LPC11U35FHI33/501,|NXP Semiconductors|1470|490|$3.7800|1470|$3.4900
LPC2138FBD64/01,15|NXP Semiconductors|10772|160|$15.5200|10772|$14.3200
LPC2368FET100,518|NXP Semiconductors|2000|1000|$12.7000|2000|$11.7200
LPC4330FET180,551|NXP Semiconductors|1323|189|$8.6300|1323|$7.9700
LPC4337JBD144E|NXP Semiconductors|180|60|$14.1500|180|$13.0600
LPC4370FET100E|NXP Semiconductors|420|260|$9.2300|420|$8.5200
CRCW12061K54FKEA|Vishay BCcomponents|5000|5000|$0.0833
MCF52255CAF80|NXP Semiconductors|105|10|$18.2200|105|$16.8200
MPXHZ6115AC6U|NXP Semiconductors|96|55|$11.4500|96|$10.5700
MPXM2010GST1|NXP Semiconductors|400|400|$8.1500
MKE02Z32VFM4|NXP Semiconductors|980|490|$2.1300|980|$1.9700
MAX9768BETG+T|Maxim Integrated Products|5000|2500|$2.2000|5000|$2.0300
MAX976EUA+T|Maxim Integrated Products|5000|2500|$5.5200|5000|$5.0900
LD1117ADT18TR|STMicroelectronics|5000|2500|$0.7750|5000|$0.7154
5-102618-1|TE Connectivity Ltd|928|464|$1.4200|928|$1.3200
3-640442-2|TE Connectivity Ltd|18949|5000|$0.1168|18949|$0.1078
3-641215-2|TE Connectivity Ltd|17974|500|$0.5000|17974|$0.4615
CTX25-4A-R|Eaton Bussmann|1800|600|$2.6000
DR125-220-R|Eaton Bussmann|26052|600|$2.0300|26052|$1.8800
KR-5R5H474-R|Eaton Bussmann|3318|500|$5.9700|3318|$5.5100
CRCW040247K5FKED|Vishay BCcomponents|40000|10000|$0.1667|40000|$0.1538
CRCW0603470RFKEA|Vishay BCcomponents|365000|5000|$0.1667|365000|$0.1538
CRCW0603470RFKEAC|Vishay BCcomponents|45000|35000|$0.0048|45000|$0.0044
CRCW0603470RFKEAHP|Vishay BCcomponents|5000|5000|$0.0833
CRCW06034K70FKEAC|Vishay BCcomponents|75000|20000|$0.0083|75000|$0.0077
STD86N3LH5|STMicroelectronics|17500|2500|$2.5000|17500|$2.3100
CRCW12067K50FKEA|Vishay BCcomponents|95000|5000|$0.0833|95000|$0.0769
DR73-100-R|Eaton Bussmann|67099|1350|$2.5000|67099|$2.3100
DR73-4R7-R|Eaton Bussmann|13239|1350|$2.0500|13239|$1.8900
STB18NM80|STMicroelectronics|1000|1000|$3.9700
1.5SMC39CA-E3/57T|Vishay Semiconductors|850|850|$0.4417
LMV931MF/NOPB|Texas Instruments|25000|1000|$2.1000|25000|$1.9400
MAX837EUS+T|Maxim Integrated Products|5000|2500|$2.3500|5000|$2.1700
MAX845ESA+|Maxim Integrated Products|200|100|$4.3300|200|$4.0000
MAX845ESA+T|Maxim Integrated Products|5000|2500|$3.9700|5000|$3.6600
STPS15H100CB|STMicroelectronics|1760|225|$0.8250|1760|$0.7615
STPS15H100CBY-TR|STMicroelectronics|10000|2500|$3.5300|10000|$3.2600
STPS15H100CB-TR|STMicroelectronics|422500|2500|$1.6100|422500|$1.4800
STM32F105RCT6|STMicroelectronics|3040|160|$7.1200|3040|$6.5700
STM32F105RCT6V|STMicroelectronics|160|160|$10.9700
STM32F105RCT6TR|STMicroelectronics|4000|1000|$9.5500|4000|$8.8200
STM32F105RCT6TR|STMicroelectronics|4000|1000|$9.5500|4000|$8.8200
STM32F105VBT6|STMicroelectronics|464|90|$7.2300|464|$6.6800
TS820-600B-TR|STMicroelectronics|22500|2500|$0.5083|22500|$0.4692
MCR18EZPJ330|ROHM SEMICONDUCTOR|45000|15000|$0.0150|45000|$0.0138
B0810-2R5105-R|Eaton Bussmann|4779|100|$2.6500|4779|$2.4500
SC16C654BIB64,151|NXP Semiconductors|320|160|$13.8800|320|$12.8200
PCA9509DP,118|NXP Semiconductors|2500|2500|$0.9750
VEML6040-SB|Vishay Semiconductors|7|8|$20.8300
MCP6002T-I/MS|Microchip Technology Inc|275000|2500|$0.4667|275000|$0.4308
ERJ-2RKF1541X|Panasonic Electronic Components|10000|10000|$0.0833
ERJ-2RKF1622X|Panasonic Electronic Components|40000|10000|$0.0833|40000|$0.0769
ERJ-2RKF1742X|Panasonic Electronic Components|140000|10000|$0.0833|140000|$0.0769
ERJ-2RKF1820X|Panasonic Electronic Components|60000|10000|$0.0833|60000|$0.0769
LDK130C15R|STMicroelectronics|6000|3000|$0.3917|6000|$0.3615
RJHSE5381|Amphenol Canada|34439|120|$1.6800|34439|$1.5500
1375820-3|TE Connectivity Ltd|53796|15000|$0.1138|53796|$0.1051
SMAJ12A-E3/61|Vishay Semiconductors|268200|1800|$0.2383|268200|$0.2200
ERJ-1GEJ200C|Panasonic Electronic Components|15000|15000|$0.0833
MS25036-153|Amphenol FCi|10|4000|$0.0683|8000|$0.0631
ABMM-20.000MHZ-B2-T|Abracon Corporation|3000|1000|$0.9500|3000|$0.8769
MC10EL16DG|ON SEMICONDUCTOR|56|26|$6.6500|56|$6.1400
293D156X9025D2TE3|Vishay Sprague|72000|500|$0.9500|72000|$0.8769
293D225X96R3A2TE3|Vishay Sprague|4000|2000|$0.1070|4000|$0.0988
298D106X0010M2T|Vishay Sprague|12000|4000|$1.4000|12000|$1.2900
564R60GAD22|Vishay Cera-Mite|250|250|$0.8250
593D107X0016E2TE3|Vishay Sprague|3200|400|$2.1200|3200|$1.9500
593D107X9010D2TE3|Vishay Sprague|424000|500|$1.5400|424000|$1.4200
593D336X9025E2TE3|Vishay Sprague|1200|400|$2.2700|1200|$2.0900
597D476X0050Z2T|Vishay Sprague|500|250|$17.0000|500|$15.6900
NE555PWR|Texas Instruments|6000|2000|$0.5000|6000|$0.4615
TN2510N8-G|Microchip Technology Inc|2000|2000|$0.8250
AT80C51RD2-SLSUM|Microchip Technology Inc|1633|81|$2.0800|1633|$1.9200
AT86RF233-ZUR|Microchip Technology Inc|10000|5000|$4.8200|10000|$4.4500
MMU01020C6800FB300|Vishay BCcomponents|12000|3000|$0.0818|12000|$0.0755
WSL1206R0600FEA|Vishay Dale|4000|4000|$1.3900
MMU01020C2401FB300|Vishay BCcomponents|6000|3000|$0.0725|6000|$0.0669
BC850BLT1G|ON SEMICONDUCTOR|9000|12000|$0.0168
2SCR533P5T100|ROHM SEMICONDUCTOR|1000|1000|$0.2383
MK10DN512VLK10|NXP Semiconductors|288|96|$9.6200|288|$8.8800
MK10DX256VLL7|NXP Semiconductors|540|90|$7.4700|540|$6.8900
ABLS-12.000MHZ-B4-T|Abracon Corporation|129000|1000|$0.3267|129000|$0.3015
CRCW0402665RFKED|Vishay BCcomponents|10000|10000|$0.0833
CRCW060310M0FKEAC|Vishay BCcomponents|50000|35000|$0.0048|50000|$0.0044
293D225X9020B2TE3|Vishay Sprague|92000|2000|$0.3000|92000|$0.2769
293D225X9050D2TE3|Vishay Sprague|500|500|$1.8300
293D226X06R3A2TE3|Vishay Sprague|12000|2000|$0.2500|12000|$0.2308
293D226X9010C2TE3|Vishay Sprague|380500|500|$0.3833|380500|$0.3538
183024-1|TE Connectivity Ltd|64736|2000|$0.0855|64736|$0.0789
LM2575-5.0WU|Microchip Technology Inc|1083|100|$2.1500|1083|$1.9800
STF202-22T1G|ON SEMICONDUCTOR|47039|3000|$0.4750|47039|$0.4385
FDS6630A|Fairchild Semiconductor Corporation|20000|2500|$0.4000|20000|$0.3692
PIR-GEVB|ON SEMICONDUCTOR|17|7|$26.7200|17|$24.6600
DG445DY-T1-E3|Vishay Siliconix|25000|2500|$1.1000|25000|$1.0200
DG445DY-E3|Vishay Siliconix|572|150|$1.4200|572|$1.3100
DS1080LU+T|Maxim Integrated Products|6000|3000|$2.2300|6000|$2.0600
ERJ-XGNJ100Y|Panasonic Electronic Components|40000|20000|$0.0602|40000|$0.0555
V40PW45CHM3/I|Vishay Semiconductors|9000|4500|$2.3300|9000|$2.1500
LM4040CIM3-4.1/NOPB|Texas Instruments|7000|1000|$1.4300|7000|$1.3200
STM32756G-EVAL2|STMicroelectronics|4|1|$978.0700|4|$902.8300
STM32F030CCT6|STMicroelectronics|24179|1500|$2.8700|24179|$2.6500
STM32F030CCT6TR|STMicroelectronics|4800|2400|$2.6300|4800|$2.4300
MAX1935ETA+T|Maxim Integrated Products|5000|2500|$1.8500|5000|$1.7100
MKV31F256VLH12R|NXP Semiconductors|1500|1500|$4.8700
LPC4357FET256,551|NXP Semiconductors|1458|90|$16.8000|1458|$15.5100
LPC812M101JDH16J|NXP Semiconductors|5000|2500|$0.9917|5000|$0.9154
WSL2512R0500FEA|Vishay Dale|18000|2000|$1.0500|18000|$0.9692
M41T82SM6F|STMicroelectronics|5000|2500|$2.3000|5000|$2.1200
ERJ-6ENF3901V|Panasonic Electronic Components|10000|5000|$0.0833|10000|$0.0769
390088-2|TE Connectivity Ltd|142522|1500|$0.4417|142522|$0.4077
RJHSE5480|Amphenol Canada|20324|720|$1.2800|20324|$1.1800
FXL4245MPX|Fairchild Semiconductor Corporation|15000|3000|$0.8833|15000|$0.8154
ZTX751STZ|Diodes Incorporated|2000|2000|$1.1700
ZVP3310FTA|Diodes Incorporated|6000|3000|$0.2417|6000|$0.2231
MKL05Z32VFM4|NXP Semiconductors|1866|490|$2.4200|1866|$2.2300
ST72F321R9T6|STMicroelectronics|1440|90|$13.7700|1440|$12.7100
STM32F723E-DISCO|STMicroelectronics|14|2|$86.6700|14|$80.0000
STM32F746G-DISCO|STMicroelectronics|16|2|$98.2500|16|$90.6900
STM32F746NGH6|STMicroelectronics|6720|160|$21.3500|6720|$19.7100
0031.8211.G|Schurter Electronic Components|9000|1000|$0.5250|9000|$0.4846
ESDALC6V1-1M2|STMicroelectronics|384000|12000|$0.1297|384000|$0.1197
ESDAXLC6-1BT2Y|STMicroelectronics|72000|12000|$0.1033|72000|$0.0954
L4940V5|STMicroelectronics|13984|100|$1.6800|13984|$1.5500
FOXSLF/240F-20|Fox Electronics|30|1000|$0.3417|28000|$0.3154
MC908JL3ECDWE|NXP Semiconductors|2496|52|$4.0700|2496|$3.7500
B72207S300K101|TDK Epcos|26328|2000|$0.1445|26328|$0.1334
MM74HC32M|National Semiconductor Corporation|24|2500|$0.1442|5000|$0.1331
MM74HC32MTCX|Fairchild Semiconductor Corporation|5000|2500|$0.9000|6840|$0.8308
MM74HCT245WMX|Fairchild Semiconductor Corporation|2000|1000|$0.3417|2000|$0.3154
MMBFJ112|Fairchild Semiconductor Corporation|108000|3000|$0.1388|108000|$0.1282
MMB02070C5103FB200|Vishay BCcomponents|4000|2000|$0.1228|4000|$0.1134
EXB-2HV100JV|Panasonic Electronic Components|20000|5000|$0.1275|20000|$0.1177
MAX3205EATE+|Maxim Integrated Products|200|100|$2.3800|200|$2.2000
STM32L451CCU6|STMicroelectronics|1040|260|$7.0200|1040|$6.4800
ERJ-2RKF1302X|Panasonic Electronic Components|100000|10000|$0.0833|100000|$0.0769
WSL1206R1000FEA18|Vishay Dale|8000|4000|$2.6000|8000|$2.4000
WSL20108L000FEA18|Vishay Dale|4000|4000|$2.5700
WSL2816R0250FEH|Vishay Dale|6000|2000|$1.2300|6000|$1.1400
MKE02Z32VLC4|NXP Semiconductors|1250|250|$2.0200|1250|$1.8600
MKE02Z32VLC4R|NXP Semiconductors|2000|2000|$2.1500
MKL02Z16VFG4|NXP Semiconductors|2352|490|$1.7500|2352|$1.6200
SE97BTP,547|NXP Semiconductors|24000|4000|$0.5000|24000|$0.4615
SPC5200CBV400B|NXP Semiconductors|160|40|$47.6000|160|$43.9400
FRDM-KW41Z|NXP Semiconductors|6|1|$325.0700|6|$300.0600
173864-1|TE Connectivity Ltd|1195|30|$13.2300|1195|$12.2200
RJHSE5384|Amphenol Canada|2992|120|$1.6200|2992|$1.4900
MPC880CVR133|NXP Semiconductors|176|44|$57.6700|176|$53.2300
24-21/BHC-AP1Q2/2A|Everlight Electronics Co Ltd|14000|2000|$0.1098|14000|$0.1014
EEE-FPA221XAP|Panasonic Electronic Components|1800|900|$0.3033|1800|$0.2800
34071|TE Connectivity Ltd|18000|1000|$0.1867|18000|$0.1723
MC34071D|Motorola Semiconductor Products|36|1000|$0.2200|2000|$0.2031
EKY-160ELL331MHB5D|United Chemi-Con Inc|2000|196|$0.8833|412|$0.8154
MC34071DG|ON SEMICONDUCTOR|412|100|$2.3800|1291|$2.2000
FOD817A300|Fairchild Semiconductor Corporation|14152|2000|$0.2500|14152|$0.2308
FOD817ASD|Fairchild Semiconductor Corporation|848000|1000|$0.1983|848000|$0.1831
NCP133AMX120TCG|ON SEMICONDUCTOR|6000|3000|$0.2817|6000|$0.2600
NCP1403SNT1G|ON SEMICONDUCTOR|33000|3000|$0.3917|33000|$0.3615
MURH840CTG|ON SEMICONDUCTOR|2400|150|$1.1200|2400|$1.0400
BT136S-600D,118|WeEn Semiconductor Co Ltd|222500|2500|$0.5000|222500|$0.4615
NCP511SN33T1G|ON SEMICONDUCTOR|6000|3000|$0.2283|6000|$0.2108
NACZ471M16V8X10.5TR13F|NIC COMPONENTS CORP|66900|900|$0.2250|66900|$0.2077
BU52021HFV-TR|ROHM SEMICONDUCTOR|6000|3000|$0.5750|6000|$0.5308
IFX20001MBV33HTSA1|Infineon Technologies AG|48000|3000|$0.3333|48000|$0.3077
MAX8815AETB+T|Maxim Integrated Products|10000|2500|$2.3300|10000|$2.1500
12103D226KAT2A|AVX Corporation|10000|1000|$1.2500|10000|$1.0700
MC100LVEP11DTR2G|ON SEMICONDUCTOR|5000|2500|$5.3500|5000|$4.9400
2-1393250-7|TE Connectivity Ltd|100|100|$4.0200
2-1419106-5|TE Connectivity Ltd|33|11|$16.2200|33|$14.9700
2-1437667-4|TE Connectivity Ltd|4247|189|$0.8833|4247|$0.8154
ERJ-U03J121V|Panasonic Electronic Components|5000|5000|$0.0600
MPC8280VVUPEA|NXP Semiconductors|42|21|$309.7500|42|$285.9200
180916|TE Connectivity Ltd|14000|7000|$0.1243|14000|$0.1148
NCP303LSN16T1G|ON SEMICONDUCTOR|6000|3000|$0.3500|6000|$0.3231
MAX4081FASA+T|Maxim Integrated Products|5000|2500|$2.4500|5000|$2.2600
MKV46F256VLL16|NXP Semiconductors|540|90|$8.1800|540|$7.5500
199D336X9010D1V1E3|Vishay Sprague|664|500|$1.1200|664|$1.0400
TNPW06031K05BEEA|Vishay BCcomponents|5000|5000|$0.1900
TNPW0603681RBEEA|Vishay BCcomponents|10000|5000|$0.1800|10000|$0.1662
1N5817|Motorola Semiconductor Products|2652|5000|$0.5000|11000|$0.4615
1N5817|Fairchild Semiconductor Corporation|11000|5000|$0.1833|60000|$0.1692
1N5817M|Diodes Incorporated|32|5000|$0.0892|30000|$0.0823
1N5817-T|Diodes Incorporated|60000|5000|$0.3017|30000|$0.2785
1N5817-TP|MICRO COMMERCIAL COMPONENTS|30000|5500|$0.1650|13553|$0.1523
1N5817RLG|ON SEMICONDUCTOR|30000|2000|$0.1652|19481|$0.1525
M95256-DRMN3TP/K|STMicroelectronics|40000|2500|$1.5500|40000|$1.4300
ERJ-2RKF1693X|Panasonic Electronic Components|30000|10000|$0.0833|30000|$0.0769
ERJ-2RKF2213X|Panasonic Electronic Components|30000|10000|$0.0833|30000|$0.0769
SDC4/8GB|KINGSTON TECHNOLOGY COMPANY|580|14|$12.3800|580|$11.4300
SDC4/8GBSP|KINGSTON TECHNOLOGY COMPANY|412|14|$12.2000|412|$11.2600
ATMEGA328P-PU|Microchip Technology Inc|831|56|$3.0700|831|$2.8300
DG271BDY-E3|Vishay Siliconix|369|62|$2.7200|369|$2.5100
AT25256B-SSHL-B|Microchip Technology Inc|2512|100|$2.2000|2512|$2.0300
RCWE1206R330FKEA|Vishay BCcomponents|10000|5000|$0.2100|10000|$0.1938
BD9G341AEFJ-E2|ROHM SEMICONDUCTOR|5000|2500|$1.6000|5000|$1.4800
BFU590QX|NXP Semiconductors|24000|1000|$0.6500|24000|$0.6000
DS28EC20P+|Maxim Integrated Products|240|120|$3.0800|240|$2.8500
LMV321WG-7|Diodes Incorporated|27000|3000|$0.1248|27000|$0.1152
L6932H1.2TR|STMicroelectronics|800|55|$3.0700|800|$2.8300
LM431SCCMLX|Fairchild Semiconductor Corporation|8000|4000|$0.2467|8000|$0.2277
UC3843AD8TR|Texas Instruments|5000|2500|$0.6000
MAX6343TUT+T|Maxim Integrated Products|10000|2500|$2.7700|10000|$2.5500
M95320-RMC6TG|STMicroelectronics|3820|2500|$0.2567|3820|$0.2369
M95320-WMN6P|STMicroelectronics|9196|500|$0.3417|9196|$0.3154
NR6028T4R7M|TAIYO YUDEN|214000|2000|$0.2700|214000|$0.2492
ABLS-25.000MHZ-B4-F-T|Abracon Corporation|38000|1000|$0.3267|38000|$0.3015
75867-131LF|AMPHENOL FCI|1400|300|$0.7000|1400|$0.6462
